Time, Operation, Node, Description
02:36:21.189,HandleChain,s,EvictionSuspicion not set defaulting to 10m0s
02:37:23.372,HandleChain,s,EvictionSuspicion not set defaulting to 10m0s
02:37:23.373,createOrReadWAL,1,No WAL data found creating new WAL at path '/var/hyperledger/production/orderer/etcdraft/wal/mychannel' channel=mychannel 
02:37:23.637,Start,1,Starting Raft node channel=mychannel 
02:37:23.675,start,1,Starting raft node as part of a new channel channel=mychannel 
02:37:23.675,becomeFollower,1,1 became follower at term 0 channel=mychannel 
02:37:23.675,newRaft,1,newRaft 1 [peers: [] term: 0 commit: 0 applied: 0 lastindex: 0 lastterm: 0] channel=mychannel 
02:37:23.675,becomeFollower,1,1 became follower at term 1 channel=mychannel 
02:37:23.839,apply,1,Applied config change to add node 1 current nodes in channel: [1 2 3 4 5 6 7 8 9 10 11 12 13 14 15 16 17 18 19 20] channel=mychannel 
02:37:23.839,apply,1,Applied config change to add node 2 current nodes in channel: [1 2 3 4 5 6 7 8 9 10 11 12 13 14 15 16 17 18 19 20] channel=mychannel 
02:37:23.839,apply,1,Applied config change to add node 3 current nodes in channel: [1 2 3 4 5 6 7 8 9 10 11 12 13 14 15 16 17 18 19 20] channel=mychannel 
02:37:23.839,apply,1,Applied config change to add node 4 current nodes in channel: [1 2 3 4 5 6 7 8 9 10 11 12 13 14 15 16 17 18 19 20] channel=mychannel 
02:37:23.839,apply,1,Applied config change to add node 5 current nodes in channel: [1 2 3 4 5 6 7 8 9 10 11 12 13 14 15 16 17 18 19 20] channel=mychannel 
02:37:23.839,apply,1,Applied config change to add node 6 current nodes in channel: [1 2 3 4 5 6 7 8 9 10 11 12 13 14 15 16 17 18 19 20] channel=mychannel 
02:37:23.839,apply,1,Applied config change to add node 7 current nodes in channel: [1 2 3 4 5 6 7 8 9 10 11 12 13 14 15 16 17 18 19 20] channel=mychannel 
02:37:23.839,apply,1,Applied config change to add node 8 current nodes in channel: [1 2 3 4 5 6 7 8 9 10 11 12 13 14 15 16 17 18 19 20] channel=mychannel 
02:37:23.839,apply,1,Applied config change to add node 9 current nodes in channel: [1 2 3 4 5 6 7 8 9 10 11 12 13 14 15 16 17 18 19 20] channel=mychannel 
02:37:23.839,apply,1,Applied config change to add node 10 current nodes in channel: [1 2 3 4 5 6 7 8 9 10 11 12 13 14 15 16 17 18 19 20] channel=mychannel 
02:37:23.839,apply,1,Applied config change to add node 11 current nodes in channel: [1 2 3 4 5 6 7 8 9 10 11 12 13 14 15 16 17 18 19 20] channel=mychannel 
02:37:23.839,apply,1,Applied config change to add node 12 current nodes in channel: [1 2 3 4 5 6 7 8 9 10 11 12 13 14 15 16 17 18 19 20] channel=mychannel 
02:37:23.839,apply,1,Applied config change to add node 13 current nodes in channel: [1 2 3 4 5 6 7 8 9 10 11 12 13 14 15 16 17 18 19 20] channel=mychannel 
02:37:23.839,apply,1,Applied config change to add node 14 current nodes in channel: [1 2 3 4 5 6 7 8 9 10 11 12 13 14 15 16 17 18 19 20] channel=mychannel 
02:37:23.839,apply,1,Applied config change to add node 15 current nodes in channel: [1 2 3 4 5 6 7 8 9 10 11 12 13 14 15 16 17 18 19 20] channel=mychannel 
02:37:23.839,apply,1,Applied config change to add node 16 current nodes in channel: [1 2 3 4 5 6 7 8 9 10 11 12 13 14 15 16 17 18 19 20] channel=mychannel 
02:37:23.839,apply,1,Applied config change to add node 17 current nodes in channel: [1 2 3 4 5 6 7 8 9 10 11 12 13 14 15 16 17 18 19 20] channel=mychannel 
02:37:23.840,apply,1,Applied config change to add node 18 current nodes in channel: [1 2 3 4 5 6 7 8 9 10 11 12 13 14 15 16 17 18 19 20] channel=mychannel 
02:37:23.840,apply,1,Applied config change to add node 19 current nodes in channel: [1 2 3 4 5 6 7 8 9 10 11 12 13 14 15 16 17 18 19 20] channel=mychannel 
02:37:23.840,apply,1,Applied config change to add node 20 current nodes in channel: [1 2 3 4 5 6 7 8 9 10 11 12 13 14 15 16 17 18 19 20] channel=mychannel 
02:37:24.864,Step,1,1 [logterm: 1 index: 20 vote: 0] cast MsgPreVote for d [logterm: 1 index: 20] at term 1 channel=mychannel 
02:37:24.897,Step,1,1 [term: 1] received a MsgVote message with higher term from d [term: 2] channel=mychannel 
02:37:24.898,becomeFollower,1,1 became follower at term 2 channel=mychannel 
02:37:24.898,Step,1,1 [logterm: 1 index: 20 vote: 0] cast MsgVote for d [logterm: 1 index: 20] at term 2 channel=mychannel 
02:37:24.998,run,1,raft.node: 1 elected leader d at term 2 channel=mychannel 
02:37:25.087,run,1,Raft leader changed: 0 -> 13 channel=mychannel 
02:38:01.943,writeBlock,1,Writing block [1] (Raft index: 22) to ledger channel=mychannel 
02:38:05.088,writeBlock,1,Writing block [2] (Raft index: 23) to ledger channel=mychannel 
02:39:59.411,writeBlock,1,Writing block [3] (Raft index: 24) to ledger channel=mychannel 
02:41:50.754,writeBlock,1,Writing block [4] (Raft index: 25) to ledger channel=mychannel 
02:41:55.715,writeBlock,1,Writing block [5] (Raft index: 26) to ledger channel=mychannel 
02:42:10.725,writeBlock,1,Writing block [6] (Raft index: 27) to ledger channel=mychannel 
02:50:46.257,writeBlock,1,Writing block [7] (Raft index: 28) to ledger channel=mychannel 
02:51:55.659,writeBlock,1,Writing block [8] (Raft index: 29) to ledger channel=mychannel 
02:53:14.584,writeBlock,1,Writing block [9] (Raft index: 30) to ledger channel=mychannel 
02:54:10.525,writeBlock,1,Writing block [10] (Raft index: 31) to ledger channel=mychannel 
02:55:46.259,writeBlock,1,Writing block [11] (Raft index: 32) to ledger channel=mychannel 
02:56:48.571,writeBlock,1,Writing block [12] (Raft index: 33) to ledger channel=mychannel 
02:57:48.944,writeBlock,1,Writing block [13] (Raft index: 34) to ledger channel=mychannel 
02:58:54.313,writeBlock,1,Writing block [14] (Raft index: 35) to ledger channel=mychannel 
02:59:55.253,writeBlock,1,Writing block [15] (Raft index: 36) to ledger channel=mychannel 
03:00:57.863,writeBlock,1,Writing block [16] (Raft index: 37) to ledger channel=mychannel 
02:36:45.411,HandleChain,s,EvictionSuspicion not set defaulting to 10m0s
02:37:23.407,HandleChain,s,EvictionSuspicion not set defaulting to 10m0s
02:37:23.407,createOrReadWAL,2,No WAL data found creating new WAL at path '/var/hyperledger/production/orderer/etcdraft/wal/mychannel' channel=mychannel 
02:37:23.900,Start,2,Starting Raft node channel=mychannel 
02:37:23.933,start,2,Starting raft node as part of a new channel channel=mychannel 
02:37:23.933,becomeFollower,2,2 became follower at term 0 channel=mychannel 
02:37:23.933,newRaft,2,newRaft 2 [peers: [] term: 0 commit: 0 applied: 0 lastindex: 0 lastterm: 0] channel=mychannel 
02:37:23.933,becomeFollower,2,2 became follower at term 1 channel=mychannel 
02:37:24.218,apply,2,Applied config change to add node 1 current nodes in channel: [1 2 3 4 5 6 7 8 9 10 11 12 13 14 15 16 17 18 19 20] channel=mychannel 
02:37:24.218,apply,2,Applied config change to add node 2 current nodes in channel: [1 2 3 4 5 6 7 8 9 10 11 12 13 14 15 16 17 18 19 20] channel=mychannel 
02:37:24.218,apply,2,Applied config change to add node 3 current nodes in channel: [1 2 3 4 5 6 7 8 9 10 11 12 13 14 15 16 17 18 19 20] channel=mychannel 
02:37:24.218,apply,2,Applied config change to add node 4 current nodes in channel: [1 2 3 4 5 6 7 8 9 10 11 12 13 14 15 16 17 18 19 20] channel=mychannel 
02:37:24.218,apply,2,Applied config change to add node 5 current nodes in channel: [1 2 3 4 5 6 7 8 9 10 11 12 13 14 15 16 17 18 19 20] channel=mychannel 
02:37:24.218,apply,2,Applied config change to add node 6 current nodes in channel: [1 2 3 4 5 6 7 8 9 10 11 12 13 14 15 16 17 18 19 20] channel=mychannel 
02:37:24.218,apply,2,Applied config change to add node 7 current nodes in channel: [1 2 3 4 5 6 7 8 9 10 11 12 13 14 15 16 17 18 19 20] channel=mychannel 
02:37:24.219,apply,2,Applied config change to add node 8 current nodes in channel: [1 2 3 4 5 6 7 8 9 10 11 12 13 14 15 16 17 18 19 20] channel=mychannel 
02:37:24.219,apply,2,Applied config change to add node 9 current nodes in channel: [1 2 3 4 5 6 7 8 9 10 11 12 13 14 15 16 17 18 19 20] channel=mychannel 
02:37:24.219,apply,2,Applied config change to add node 10 current nodes in channel: [1 2 3 4 5 6 7 8 9 10 11 12 13 14 15 16 17 18 19 20] channel=mychannel 
02:37:24.219,apply,2,Applied config change to add node 11 current nodes in channel: [1 2 3 4 5 6 7 8 9 10 11 12 13 14 15 16 17 18 19 20] channel=mychannel 
02:37:24.219,apply,2,Applied config change to add node 12 current nodes in channel: [1 2 3 4 5 6 7 8 9 10 11 12 13 14 15 16 17 18 19 20] channel=mychannel 
02:37:24.219,apply,2,Applied config change to add node 13 current nodes in channel: [1 2 3 4 5 6 7 8 9 10 11 12 13 14 15 16 17 18 19 20] channel=mychannel 
02:37:24.219,apply,2,Applied config change to add node 14 current nodes in channel: [1 2 3 4 5 6 7 8 9 10 11 12 13 14 15 16 17 18 19 20] channel=mychannel 
02:37:24.219,apply,2,Applied config change to add node 15 current nodes in channel: [1 2 3 4 5 6 7 8 9 10 11 12 13 14 15 16 17 18 19 20] channel=mychannel 
02:37:24.219,apply,2,Applied config change to add node 16 current nodes in channel: [1 2 3 4 5 6 7 8 9 10 11 12 13 14 15 16 17 18 19 20] channel=mychannel 
02:37:24.219,apply,2,Applied config change to add node 17 current nodes in channel: [1 2 3 4 5 6 7 8 9 10 11 12 13 14 15 16 17 18 19 20] channel=mychannel 
02:37:24.219,apply,2,Applied config change to add node 18 current nodes in channel: [1 2 3 4 5 6 7 8 9 10 11 12 13 14 15 16 17 18 19 20] channel=mychannel 
02:37:24.219,apply,2,Applied config change to add node 19 current nodes in channel: [1 2 3 4 5 6 7 8 9 10 11 12 13 14 15 16 17 18 19 20] channel=mychannel 
02:37:24.219,apply,2,Applied config change to add node 20 current nodes in channel: [1 2 3 4 5 6 7 8 9 10 11 12 13 14 15 16 17 18 19 20] channel=mychannel 
02:37:24.864,Step,2,2 [logterm: 1 index: 20 vote: 0] cast MsgPreVote for d [logterm: 1 index: 20] at term 1 channel=mychannel 
02:37:24.897,Step,2,2 [term: 1] received a MsgVote message with higher term from d [term: 2] channel=mychannel 
02:37:24.897,becomeFollower,2,2 became follower at term 2 channel=mychannel 
02:37:24.897,Step,2,2 [logterm: 1 index: 20 vote: 0] cast MsgVote for d [logterm: 1 index: 20] at term 2 channel=mychannel 
02:37:24.997,run,2,raft.node: 2 elected leader d at term 2 channel=mychannel 
02:37:25.086,run,2,Raft leader changed: 0 -> 13 channel=mychannel 
02:38:01.943,writeBlock,2,Writing block [1] (Raft index: 22) to ledger channel=mychannel 
02:38:05.087,writeBlock,2,Writing block [2] (Raft index: 23) to ledger channel=mychannel 
02:39:59.412,writeBlock,2,Writing block [3] (Raft index: 24) to ledger channel=mychannel 
02:41:50.753,writeBlock,2,Writing block [4] (Raft index: 25) to ledger channel=mychannel 
02:41:55.716,writeBlock,2,Writing block [5] (Raft index: 26) to ledger channel=mychannel 
02:42:10.724,writeBlock,2,Writing block [6] (Raft index: 27) to ledger channel=mychannel 
02:50:46.258,writeBlock,2,Writing block [7] (Raft index: 28) to ledger channel=mychannel 
02:51:55.658,writeBlock,2,Writing block [8] (Raft index: 29) to ledger channel=mychannel 
02:53:14.631,writeBlock,2,Writing block [9] (Raft index: 30) to ledger channel=mychannel 
02:54:10.526,writeBlock,2,Writing block [10] (Raft index: 31) to ledger channel=mychannel 
02:55:46.299,writeBlock,2,Writing block [11] (Raft index: 32) to ledger channel=mychannel 
02:56:48.572,writeBlock,2,Writing block [12] (Raft index: 33) to ledger channel=mychannel 
02:57:48.943,writeBlock,2,Writing block [13] (Raft index: 34) to ledger channel=mychannel 
02:58:54.312,writeBlock,2,Writing block [14] (Raft index: 35) to ledger channel=mychannel 
02:59:55.254,writeBlock,2,Writing block [15] (Raft index: 36) to ledger channel=mychannel 
03:00:57.862,writeBlock,2,Writing block [16] (Raft index: 37) to ledger channel=mychannel 
02:36:17.186,HandleChain,s,EvictionSuspicion not set defaulting to 10m0s
02:37:23.407,HandleChain,s,EvictionSuspicion not set defaulting to 10m0s
02:37:23.407,createOrReadWAL,3,No WAL data found creating new WAL at path '/var/hyperledger/production/orderer/etcdraft/wal/mychannel' channel=mychannel 
02:37:23.856,Start,3,Starting Raft node channel=mychannel 
02:37:23.869,start,3,Starting raft node as part of a new channel channel=mychannel 
02:37:23.869,becomeFollower,3,3 became follower at term 0 channel=mychannel 
02:37:23.869,newRaft,3,newRaft 3 [peers: [] term: 0 commit: 0 applied: 0 lastindex: 0 lastterm: 0] channel=mychannel 
02:37:23.869,becomeFollower,3,3 became follower at term 1 channel=mychannel 
02:37:24.107,apply,3,Applied config change to add node 1 current nodes in channel: [1 2 3 4 5 6 7 8 9 10 11 12 13 14 15 16 17 18 19 20] channel=mychannel 
02:37:24.107,apply,3,Applied config change to add node 2 current nodes in channel: [1 2 3 4 5 6 7 8 9 10 11 12 13 14 15 16 17 18 19 20] channel=mychannel 
02:37:24.107,apply,3,Applied config change to add node 3 current nodes in channel: [1 2 3 4 5 6 7 8 9 10 11 12 13 14 15 16 17 18 19 20] channel=mychannel 
02:37:24.107,apply,3,Applied config change to add node 4 current nodes in channel: [1 2 3 4 5 6 7 8 9 10 11 12 13 14 15 16 17 18 19 20] channel=mychannel 
02:37:24.107,apply,3,Applied config change to add node 5 current nodes in channel: [1 2 3 4 5 6 7 8 9 10 11 12 13 14 15 16 17 18 19 20] channel=mychannel 
02:37:24.107,apply,3,Applied config change to add node 6 current nodes in channel: [1 2 3 4 5 6 7 8 9 10 11 12 13 14 15 16 17 18 19 20] channel=mychannel 
02:37:24.107,apply,3,Applied config change to add node 7 current nodes in channel: [1 2 3 4 5 6 7 8 9 10 11 12 13 14 15 16 17 18 19 20] channel=mychannel 
02:37:24.107,apply,3,Applied config change to add node 8 current nodes in channel: [1 2 3 4 5 6 7 8 9 10 11 12 13 14 15 16 17 18 19 20] channel=mychannel 
02:37:24.107,apply,3,Applied config change to add node 9 current nodes in channel: [1 2 3 4 5 6 7 8 9 10 11 12 13 14 15 16 17 18 19 20] channel=mychannel 
02:37:24.107,apply,3,Applied config change to add node 10 current nodes in channel: [1 2 3 4 5 6 7 8 9 10 11 12 13 14 15 16 17 18 19 20] channel=mychannel 
02:37:24.108,apply,3,Applied config change to add node 11 current nodes in channel: [1 2 3 4 5 6 7 8 9 10 11 12 13 14 15 16 17 18 19 20] channel=mychannel 
02:37:24.108,apply,3,Applied config change to add node 12 current nodes in channel: [1 2 3 4 5 6 7 8 9 10 11 12 13 14 15 16 17 18 19 20] channel=mychannel 
02:37:24.108,apply,3,Applied config change to add node 13 current nodes in channel: [1 2 3 4 5 6 7 8 9 10 11 12 13 14 15 16 17 18 19 20] channel=mychannel 
02:37:24.108,apply,3,Applied config change to add node 14 current nodes in channel: [1 2 3 4 5 6 7 8 9 10 11 12 13 14 15 16 17 18 19 20] channel=mychannel 
02:37:24.108,apply,3,Applied config change to add node 15 current nodes in channel: [1 2 3 4 5 6 7 8 9 10 11 12 13 14 15 16 17 18 19 20] channel=mychannel 
02:37:24.108,apply,3,Applied config change to add node 16 current nodes in channel: [1 2 3 4 5 6 7 8 9 10 11 12 13 14 15 16 17 18 19 20] channel=mychannel 
02:37:24.108,apply,3,Applied config change to add node 17 current nodes in channel: [1 2 3 4 5 6 7 8 9 10 11 12 13 14 15 16 17 18 19 20] channel=mychannel 
02:37:24.108,apply,3,Applied config change to add node 18 current nodes in channel: [1 2 3 4 5 6 7 8 9 10 11 12 13 14 15 16 17 18 19 20] channel=mychannel 
02:37:24.108,apply,3,Applied config change to add node 19 current nodes in channel: [1 2 3 4 5 6 7 8 9 10 11 12 13 14 15 16 17 18 19 20] channel=mychannel 
02:37:24.108,apply,3,Applied config change to add node 20 current nodes in channel: [1 2 3 4 5 6 7 8 9 10 11 12 13 14 15 16 17 18 19 20] channel=mychannel 
02:37:24.867,Step,3,3 [logterm: 1 index: 20 vote: 0] cast MsgPreVote for d [logterm: 1 index: 20] at term 1 channel=mychannel 
02:37:24.897,Step,3,3 [term: 1] received a MsgVote message with higher term from d [term: 2] channel=mychannel 
02:37:24.897,becomeFollower,3,3 became follower at term 2 channel=mychannel 
02:37:24.897,Step,3,3 [logterm: 1 index: 20 vote: 0] cast MsgVote for d [logterm: 1 index: 20] at term 2 channel=mychannel 
02:37:24.998,run,3,raft.node: 3 elected leader d at term 2 channel=mychannel 
02:37:25.088,run,3,Raft leader changed: 0 -> 13 channel=mychannel 
02:38:01.960,writeBlock,3,Writing block [1] (Raft index: 22) to ledger channel=mychannel 
02:38:05.106,writeBlock,3,Writing block [2] (Raft index: 23) to ledger channel=mychannel 
02:39:59.411,writeBlock,3,Writing block [3] (Raft index: 24) to ledger channel=mychannel 
02:41:50.755,writeBlock,3,Writing block [4] (Raft index: 25) to ledger channel=mychannel 
02:41:55.716,writeBlock,3,Writing block [5] (Raft index: 26) to ledger channel=mychannel 
02:42:10.676,writeBlock,3,Writing block [6] (Raft index: 27) to ledger channel=mychannel 
02:50:46.259,writeBlock,3,Writing block [7] (Raft index: 28) to ledger channel=mychannel 
02:51:55.661,writeBlock,3,Writing block [8] (Raft index: 29) to ledger channel=mychannel 
02:53:14.585,writeBlock,3,Writing block [9] (Raft index: 30) to ledger channel=mychannel 
02:54:10.523,writeBlock,3,Writing block [10] (Raft index: 31) to ledger channel=mychannel 
02:55:46.259,writeBlock,3,Writing block [11] (Raft index: 32) to ledger channel=mychannel 
02:56:48.571,writeBlock,3,Writing block [12] (Raft index: 33) to ledger channel=mychannel 
02:57:48.949,writeBlock,3,Writing block [13] (Raft index: 34) to ledger channel=mychannel 
02:58:54.359,writeBlock,3,Writing block [14] (Raft index: 35) to ledger channel=mychannel 
02:59:55.256,writeBlock,3,Writing block [15] (Raft index: 36) to ledger channel=mychannel 
03:00:57.862,writeBlock,3,Writing block [16] (Raft index: 37) to ledger channel=mychannel 
02:36:00.481,HandleChain,s,EvictionSuspicion not set defaulting to 10m0s
02:37:23.409,HandleChain,s,EvictionSuspicion not set defaulting to 10m0s
02:37:23.409,createOrReadWAL,4,No WAL data found creating new WAL at path '/var/hyperledger/production/orderer/etcdraft/wal/mychannel' channel=mychannel 
02:37:23.649,Start,4,Starting Raft node channel=mychannel 
02:37:23.671,start,4,Starting raft node as part of a new channel channel=mychannel 
02:37:23.671,becomeFollower,4,4 became follower at term 0 channel=mychannel 
02:37:23.671,newRaft,4,newRaft 4 [peers: [] term: 0 commit: 0 applied: 0 lastindex: 0 lastterm: 0] channel=mychannel 
02:37:23.671,becomeFollower,4,4 became follower at term 1 channel=mychannel 
02:37:23.906,apply,4,Applied config change to add node 1 current nodes in channel: [1 2 3 4 5 6 7 8 9 10 11 12 13 14 15 16 17 18 19 20] channel=mychannel 
02:37:23.906,apply,4,Applied config change to add node 2 current nodes in channel: [1 2 3 4 5 6 7 8 9 10 11 12 13 14 15 16 17 18 19 20] channel=mychannel 
02:37:23.906,apply,4,Applied config change to add node 3 current nodes in channel: [1 2 3 4 5 6 7 8 9 10 11 12 13 14 15 16 17 18 19 20] channel=mychannel 
02:37:23.906,apply,4,Applied config change to add node 4 current nodes in channel: [1 2 3 4 5 6 7 8 9 10 11 12 13 14 15 16 17 18 19 20] channel=mychannel 
02:37:23.906,apply,4,Applied config change to add node 5 current nodes in channel: [1 2 3 4 5 6 7 8 9 10 11 12 13 14 15 16 17 18 19 20] channel=mychannel 
02:37:23.906,apply,4,Applied config change to add node 6 current nodes in channel: [1 2 3 4 5 6 7 8 9 10 11 12 13 14 15 16 17 18 19 20] channel=mychannel 
02:37:23.906,apply,4,Applied config change to add node 7 current nodes in channel: [1 2 3 4 5 6 7 8 9 10 11 12 13 14 15 16 17 18 19 20] channel=mychannel 
02:37:23.906,apply,4,Applied config change to add node 8 current nodes in channel: [1 2 3 4 5 6 7 8 9 10 11 12 13 14 15 16 17 18 19 20] channel=mychannel 
02:37:23.906,apply,4,Applied config change to add node 9 current nodes in channel: [1 2 3 4 5 6 7 8 9 10 11 12 13 14 15 16 17 18 19 20] channel=mychannel 
02:37:23.906,apply,4,Applied config change to add node 10 current nodes in channel: [1 2 3 4 5 6 7 8 9 10 11 12 13 14 15 16 17 18 19 20] channel=mychannel 
02:37:23.906,apply,4,Applied config change to add node 11 current nodes in channel: [1 2 3 4 5 6 7 8 9 10 11 12 13 14 15 16 17 18 19 20] channel=mychannel 
02:37:23.906,apply,4,Applied config change to add node 12 current nodes in channel: [1 2 3 4 5 6 7 8 9 10 11 12 13 14 15 16 17 18 19 20] channel=mychannel 
02:37:23.906,apply,4,Applied config change to add node 13 current nodes in channel: [1 2 3 4 5 6 7 8 9 10 11 12 13 14 15 16 17 18 19 20] channel=mychannel 
02:37:23.906,apply,4,Applied config change to add node 14 current nodes in channel: [1 2 3 4 5 6 7 8 9 10 11 12 13 14 15 16 17 18 19 20] channel=mychannel 
02:37:23.906,apply,4,Applied config change to add node 15 current nodes in channel: [1 2 3 4 5 6 7 8 9 10 11 12 13 14 15 16 17 18 19 20] channel=mychannel 
02:37:23.906,apply,4,Applied config change to add node 16 current nodes in channel: [1 2 3 4 5 6 7 8 9 10 11 12 13 14 15 16 17 18 19 20] channel=mychannel 
02:37:23.906,apply,4,Applied config change to add node 17 current nodes in channel: [1 2 3 4 5 6 7 8 9 10 11 12 13 14 15 16 17 18 19 20] channel=mychannel 
02:37:23.907,apply,4,Applied config change to add node 18 current nodes in channel: [1 2 3 4 5 6 7 8 9 10 11 12 13 14 15 16 17 18 19 20] channel=mychannel 
02:37:23.907,apply,4,Applied config change to add node 19 current nodes in channel: [1 2 3 4 5 6 7 8 9 10 11 12 13 14 15 16 17 18 19 20] channel=mychannel 
02:37:23.907,apply,4,Applied config change to add node 20 current nodes in channel: [1 2 3 4 5 6 7 8 9 10 11 12 13 14 15 16 17 18 19 20] channel=mychannel 
02:37:24.864,Step,4,4 [logterm: 1 index: 20 vote: 0] cast MsgPreVote for d [logterm: 1 index: 20] at term 1 channel=mychannel 
02:37:24.898,Step,4,4 [term: 1] received a MsgVote message with higher term from d [term: 2] channel=mychannel 
02:37:24.898,becomeFollower,4,4 became follower at term 2 channel=mychannel 
02:37:24.898,Step,4,4 [logterm: 1 index: 20 vote: 0] cast MsgVote for d [logterm: 1 index: 20] at term 2 channel=mychannel 
02:37:24.997,run,4,raft.node: 4 elected leader d at term 2 channel=mychannel 
02:37:25.086,run,4,Raft leader changed: 0 -> 13 channel=mychannel 
02:38:01.942,writeBlock,4,Writing block [1] (Raft index: 22) to ledger channel=mychannel 
02:38:05.088,writeBlock,4,Writing block [2] (Raft index: 23) to ledger channel=mychannel 
02:39:59.411,writeBlock,4,Writing block [3] (Raft index: 24) to ledger channel=mychannel 
02:41:50.752,writeBlock,4,Writing block [4] (Raft index: 25) to ledger channel=mychannel 
02:41:55.716,writeBlock,4,Writing block [5] (Raft index: 26) to ledger channel=mychannel 
02:42:10.726,writeBlock,4,Writing block [6] (Raft index: 27) to ledger channel=mychannel 
02:50:46.258,writeBlock,4,Writing block [7] (Raft index: 28) to ledger channel=mychannel 
02:51:55.662,writeBlock,4,Writing block [8] (Raft index: 29) to ledger channel=mychannel 
02:53:14.583,writeBlock,4,Writing block [9] (Raft index: 30) to ledger channel=mychannel 
02:54:10.525,writeBlock,4,Writing block [10] (Raft index: 31) to ledger channel=mychannel 
02:55:46.263,writeBlock,4,Writing block [11] (Raft index: 32) to ledger channel=mychannel 
02:56:48.610,writeBlock,4,Writing block [12] (Raft index: 33) to ledger channel=mychannel 
02:57:48.945,writeBlock,4,Writing block [13] (Raft index: 34) to ledger channel=mychannel 
02:58:54.313,writeBlock,4,Writing block [14] (Raft index: 35) to ledger channel=mychannel 
02:59:55.253,writeBlock,4,Writing block [15] (Raft index: 36) to ledger channel=mychannel 
03:00:57.862,writeBlock,4,Writing block [16] (Raft index: 37) to ledger channel=mychannel 
02:36:20.623,HandleChain,s,EvictionSuspicion not set defaulting to 10m0s
02:37:23.373,HandleChain,s,EvictionSuspicion not set defaulting to 10m0s
02:37:23.374,createOrReadWAL,5,No WAL data found creating new WAL at path '/var/hyperledger/production/orderer/etcdraft/wal/mychannel' channel=mychannel 
02:37:23.647,Start,5,Starting Raft node channel=mychannel 
02:37:23.656,start,5,Starting raft node as part of a new channel channel=mychannel 
02:37:23.656,becomeFollower,5,5 became follower at term 0 channel=mychannel 
02:37:23.656,newRaft,5,newRaft 5 [peers: [] term: 0 commit: 0 applied: 0 lastindex: 0 lastterm: 0] channel=mychannel 
02:37:23.656,becomeFollower,5,5 became follower at term 1 channel=mychannel 
02:37:23.838,apply,5,Applied config change to add node 1 current nodes in channel: [1 2 3 4 5 6 7 8 9 10 11 12 13 14 15 16 17 18 19 20] channel=mychannel 
02:37:23.838,apply,5,Applied config change to add node 2 current nodes in channel: [1 2 3 4 5 6 7 8 9 10 11 12 13 14 15 16 17 18 19 20] channel=mychannel 
02:37:23.838,apply,5,Applied config change to add node 3 current nodes in channel: [1 2 3 4 5 6 7 8 9 10 11 12 13 14 15 16 17 18 19 20] channel=mychannel 
02:37:23.838,apply,5,Applied config change to add node 4 current nodes in channel: [1 2 3 4 5 6 7 8 9 10 11 12 13 14 15 16 17 18 19 20] channel=mychannel 
02:37:23.838,apply,5,Applied config change to add node 5 current nodes in channel: [1 2 3 4 5 6 7 8 9 10 11 12 13 14 15 16 17 18 19 20] channel=mychannel 
02:37:23.838,apply,5,Applied config change to add node 6 current nodes in channel: [1 2 3 4 5 6 7 8 9 10 11 12 13 14 15 16 17 18 19 20] channel=mychannel 
02:37:23.838,apply,5,Applied config change to add node 7 current nodes in channel: [1 2 3 4 5 6 7 8 9 10 11 12 13 14 15 16 17 18 19 20] channel=mychannel 
02:37:23.838,apply,5,Applied config change to add node 8 current nodes in channel: [1 2 3 4 5 6 7 8 9 10 11 12 13 14 15 16 17 18 19 20] channel=mychannel 
02:37:23.838,apply,5,Applied config change to add node 9 current nodes in channel: [1 2 3 4 5 6 7 8 9 10 11 12 13 14 15 16 17 18 19 20] channel=mychannel 
02:37:23.838,apply,5,Applied config change to add node 10 current nodes in channel: [1 2 3 4 5 6 7 8 9 10 11 12 13 14 15 16 17 18 19 20] channel=mychannel 
02:37:23.838,apply,5,Applied config change to add node 11 current nodes in channel: [1 2 3 4 5 6 7 8 9 10 11 12 13 14 15 16 17 18 19 20] channel=mychannel 
02:37:23.838,apply,5,Applied config change to add node 12 current nodes in channel: [1 2 3 4 5 6 7 8 9 10 11 12 13 14 15 16 17 18 19 20] channel=mychannel 
02:37:23.838,apply,5,Applied config change to add node 13 current nodes in channel: [1 2 3 4 5 6 7 8 9 10 11 12 13 14 15 16 17 18 19 20] channel=mychannel 
02:37:23.839,apply,5,Applied config change to add node 14 current nodes in channel: [1 2 3 4 5 6 7 8 9 10 11 12 13 14 15 16 17 18 19 20] channel=mychannel 
02:37:23.839,apply,5,Applied config change to add node 15 current nodes in channel: [1 2 3 4 5 6 7 8 9 10 11 12 13 14 15 16 17 18 19 20] channel=mychannel 
02:37:23.839,apply,5,Applied config change to add node 16 current nodes in channel: [1 2 3 4 5 6 7 8 9 10 11 12 13 14 15 16 17 18 19 20] channel=mychannel 
02:37:23.839,apply,5,Applied config change to add node 17 current nodes in channel: [1 2 3 4 5 6 7 8 9 10 11 12 13 14 15 16 17 18 19 20] channel=mychannel 
02:37:23.839,apply,5,Applied config change to add node 18 current nodes in channel: [1 2 3 4 5 6 7 8 9 10 11 12 13 14 15 16 17 18 19 20] channel=mychannel 
02:37:23.839,apply,5,Applied config change to add node 19 current nodes in channel: [1 2 3 4 5 6 7 8 9 10 11 12 13 14 15 16 17 18 19 20] channel=mychannel 
02:37:23.839,apply,5,Applied config change to add node 20 current nodes in channel: [1 2 3 4 5 6 7 8 9 10 11 12 13 14 15 16 17 18 19 20] channel=mychannel 
02:37:24.866,Step,5,5 [logterm: 1 index: 20 vote: 0] cast MsgPreVote for d [logterm: 1 index: 20] at term 1 channel=mychannel 
02:37:24.897,Step,5,5 [term: 1] received a MsgVote message with higher term from d [term: 2] channel=mychannel 
02:37:24.897,becomeFollower,5,5 became follower at term 2 channel=mychannel 
02:37:24.897,Step,5,5 [logterm: 1 index: 20 vote: 0] cast MsgVote for d [logterm: 1 index: 20] at term 2 channel=mychannel 
02:37:24.997,run,5,raft.node: 5 elected leader d at term 2 channel=mychannel 
02:37:25.086,run,5,Raft leader changed: 0 -> 13 channel=mychannel 
02:38:01.958,writeBlock,5,Writing block [1] (Raft index: 22) to ledger channel=mychannel 
02:38:05.095,writeBlock,5,Writing block [2] (Raft index: 23) to ledger channel=mychannel 
02:39:59.414,writeBlock,5,Writing block [3] (Raft index: 24) to ledger channel=mychannel 
02:41:50.753,writeBlock,5,Writing block [4] (Raft index: 25) to ledger channel=mychannel 
02:41:55.717,writeBlock,5,Writing block [5] (Raft index: 26) to ledger channel=mychannel 
02:42:10.677,writeBlock,5,Writing block [6] (Raft index: 27) to ledger channel=mychannel 
02:50:46.258,writeBlock,5,Writing block [7] (Raft index: 28) to ledger channel=mychannel 
02:51:55.661,writeBlock,5,Writing block [8] (Raft index: 29) to ledger channel=mychannel 
02:53:14.632,writeBlock,5,Writing block [9] (Raft index: 30) to ledger channel=mychannel 
02:54:10.524,writeBlock,5,Writing block [10] (Raft index: 31) to ledger channel=mychannel 
02:55:46.260,writeBlock,5,Writing block [11] (Raft index: 32) to ledger channel=mychannel 
02:56:48.571,writeBlock,5,Writing block [12] (Raft index: 33) to ledger channel=mychannel 
02:57:48.943,writeBlock,5,Writing block [13] (Raft index: 34) to ledger channel=mychannel 
02:58:54.361,writeBlock,5,Writing block [14] (Raft index: 35) to ledger channel=mychannel 
02:59:55.255,writeBlock,5,Writing block [15] (Raft index: 36) to ledger channel=mychannel 
03:00:57.866,writeBlock,5,Writing block [16] (Raft index: 37) to ledger channel=mychannel 
02:36:10.366,HandleChain,s,EvictionSuspicion not set defaulting to 10m0s
02:37:23.410,HandleChain,s,EvictionSuspicion not set defaulting to 10m0s
02:37:23.410,createOrReadWAL,6,No WAL data found creating new WAL at path '/var/hyperledger/production/orderer/etcdraft/wal/mychannel' channel=mychannel 
02:37:23.847,Start,6,Starting Raft node channel=mychannel 
02:37:23.894,start,6,Starting raft node as part of a new channel channel=mychannel 
02:37:23.898,becomeFollower,6,6 became follower at term 0 channel=mychannel 
02:37:23.898,newRaft,6,newRaft 6 [peers: [] term: 0 commit: 0 applied: 0 lastindex: 0 lastterm: 0] channel=mychannel 
02:37:23.898,becomeFollower,6,6 became follower at term 1 channel=mychannel 
02:37:24.053,apply,6,Applied config change to add node 1 current nodes in channel: [1 2 3 4 5 6 7 8 9 10 11 12 13 14 15 16 17 18 19 20] channel=mychannel 
02:37:24.053,apply,6,Applied config change to add node 2 current nodes in channel: [1 2 3 4 5 6 7 8 9 10 11 12 13 14 15 16 17 18 19 20] channel=mychannel 
02:37:24.053,apply,6,Applied config change to add node 3 current nodes in channel: [1 2 3 4 5 6 7 8 9 10 11 12 13 14 15 16 17 18 19 20] channel=mychannel 
02:37:24.053,apply,6,Applied config change to add node 4 current nodes in channel: [1 2 3 4 5 6 7 8 9 10 11 12 13 14 15 16 17 18 19 20] channel=mychannel 
02:37:24.053,apply,6,Applied config change to add node 5 current nodes in channel: [1 2 3 4 5 6 7 8 9 10 11 12 13 14 15 16 17 18 19 20] channel=mychannel 
02:37:24.053,apply,6,Applied config change to add node 6 current nodes in channel: [1 2 3 4 5 6 7 8 9 10 11 12 13 14 15 16 17 18 19 20] channel=mychannel 
02:37:24.053,apply,6,Applied config change to add node 7 current nodes in channel: [1 2 3 4 5 6 7 8 9 10 11 12 13 14 15 16 17 18 19 20] channel=mychannel 
02:37:24.053,apply,6,Applied config change to add node 8 current nodes in channel: [1 2 3 4 5 6 7 8 9 10 11 12 13 14 15 16 17 18 19 20] channel=mychannel 
02:37:24.053,apply,6,Applied config change to add node 9 current nodes in channel: [1 2 3 4 5 6 7 8 9 10 11 12 13 14 15 16 17 18 19 20] channel=mychannel 
02:37:24.053,apply,6,Applied config change to add node 10 current nodes in channel: [1 2 3 4 5 6 7 8 9 10 11 12 13 14 15 16 17 18 19 20] channel=mychannel 
02:37:24.053,apply,6,Applied config change to add node 11 current nodes in channel: [1 2 3 4 5 6 7 8 9 10 11 12 13 14 15 16 17 18 19 20] channel=mychannel 
02:37:24.053,apply,6,Applied config change to add node 12 current nodes in channel: [1 2 3 4 5 6 7 8 9 10 11 12 13 14 15 16 17 18 19 20] channel=mychannel 
02:37:24.053,apply,6,Applied config change to add node 13 current nodes in channel: [1 2 3 4 5 6 7 8 9 10 11 12 13 14 15 16 17 18 19 20] channel=mychannel 
02:37:24.053,apply,6,Applied config change to add node 14 current nodes in channel: [1 2 3 4 5 6 7 8 9 10 11 12 13 14 15 16 17 18 19 20] channel=mychannel 
02:37:24.053,apply,6,Applied config change to add node 15 current nodes in channel: [1 2 3 4 5 6 7 8 9 10 11 12 13 14 15 16 17 18 19 20] channel=mychannel 
02:37:24.053,apply,6,Applied config change to add node 16 current nodes in channel: [1 2 3 4 5 6 7 8 9 10 11 12 13 14 15 16 17 18 19 20] channel=mychannel 
02:37:24.053,apply,6,Applied config change to add node 17 current nodes in channel: [1 2 3 4 5 6 7 8 9 10 11 12 13 14 15 16 17 18 19 20] channel=mychannel 
02:37:24.053,apply,6,Applied config change to add node 18 current nodes in channel: [1 2 3 4 5 6 7 8 9 10 11 12 13 14 15 16 17 18 19 20] channel=mychannel 
02:37:24.053,apply,6,Applied config change to add node 19 current nodes in channel: [1 2 3 4 5 6 7 8 9 10 11 12 13 14 15 16 17 18 19 20] channel=mychannel 
02:37:24.053,apply,6,Applied config change to add node 20 current nodes in channel: [1 2 3 4 5 6 7 8 9 10 11 12 13 14 15 16 17 18 19 20] channel=mychannel 
02:37:24.864,Step,6,6 [logterm: 1 index: 20 vote: 0] cast MsgPreVote for d [logterm: 1 index: 20] at term 1 channel=mychannel 
02:37:24.898,Step,6,6 [term: 1] received a MsgVote message with higher term from d [term: 2] channel=mychannel 
02:37:24.898,becomeFollower,6,6 became follower at term 2 channel=mychannel 
02:37:24.898,Step,6,6 [logterm: 1 index: 20 vote: 0] cast MsgVote for d [logterm: 1 index: 20] at term 2 channel=mychannel 
02:37:24.998,run,6,raft.node: 6 elected leader d at term 2 channel=mychannel 
02:37:25.087,run,6,Raft leader changed: 0 -> 13 channel=mychannel 
02:38:01.940,writeBlock,6,Writing block [1] (Raft index: 22) to ledger channel=mychannel 
02:38:05.092,writeBlock,6,Writing block [2] (Raft index: 23) to ledger channel=mychannel 
02:39:59.412,writeBlock,6,Writing block [3] (Raft index: 24) to ledger channel=mychannel 
02:41:50.753,writeBlock,6,Writing block [4] (Raft index: 25) to ledger channel=mychannel 
02:41:55.715,writeBlock,6,Writing block [5] (Raft index: 26) to ledger channel=mychannel 
02:42:10.677,writeBlock,6,Writing block [6] (Raft index: 27) to ledger channel=mychannel 
02:50:46.259,writeBlock,6,Writing block [7] (Raft index: 28) to ledger channel=mychannel 
02:51:55.660,writeBlock,6,Writing block [8] (Raft index: 29) to ledger channel=mychannel 
02:53:14.583,writeBlock,6,Writing block [9] (Raft index: 30) to ledger channel=mychannel 
02:54:10.524,writeBlock,6,Writing block [10] (Raft index: 31) to ledger channel=mychannel 
02:55:46.259,writeBlock,6,Writing block [11] (Raft index: 32) to ledger channel=mychannel 
02:56:48.572,writeBlock,6,Writing block [12] (Raft index: 33) to ledger channel=mychannel 
02:57:48.943,writeBlock,6,Writing block [13] (Raft index: 34) to ledger channel=mychannel 
02:58:54.311,writeBlock,6,Writing block [14] (Raft index: 35) to ledger channel=mychannel 
02:59:55.253,writeBlock,6,Writing block [15] (Raft index: 36) to ledger channel=mychannel 
03:00:57.862,writeBlock,6,Writing block [16] (Raft index: 37) to ledger channel=mychannel 
02:36:02.575,HandleChain,s,EvictionSuspicion not set defaulting to 10m0s
02:37:23.373,HandleChain,s,EvictionSuspicion not set defaulting to 10m0s
02:37:23.374,createOrReadWAL,7,No WAL data found creating new WAL at path '/var/hyperledger/production/orderer/etcdraft/wal/mychannel' channel=mychannel 
02:37:23.856,Start,7,Starting Raft node channel=mychannel 
02:37:23.874,start,7,Starting raft node as part of a new channel channel=mychannel 
02:37:23.874,becomeFollower,7,7 became follower at term 0 channel=mychannel 
02:37:23.874,newRaft,7,newRaft 7 [peers: [] term: 0 commit: 0 applied: 0 lastindex: 0 lastterm: 0] channel=mychannel 
02:37:23.874,becomeFollower,7,7 became follower at term 1 channel=mychannel 
02:37:24.053,apply,7,Applied config change to add node 1 current nodes in channel: [1 2 3 4 5 6 7 8 9 10 11 12 13 14 15 16 17 18 19 20] channel=mychannel 
02:37:24.053,apply,7,Applied config change to add node 2 current nodes in channel: [1 2 3 4 5 6 7 8 9 10 11 12 13 14 15 16 17 18 19 20] channel=mychannel 
02:37:24.053,apply,7,Applied config change to add node 3 current nodes in channel: [1 2 3 4 5 6 7 8 9 10 11 12 13 14 15 16 17 18 19 20] channel=mychannel 
02:37:24.053,apply,7,Applied config change to add node 4 current nodes in channel: [1 2 3 4 5 6 7 8 9 10 11 12 13 14 15 16 17 18 19 20] channel=mychannel 
02:37:24.053,apply,7,Applied config change to add node 5 current nodes in channel: [1 2 3 4 5 6 7 8 9 10 11 12 13 14 15 16 17 18 19 20] channel=mychannel 
02:37:24.053,apply,7,Applied config change to add node 6 current nodes in channel: [1 2 3 4 5 6 7 8 9 10 11 12 13 14 15 16 17 18 19 20] channel=mychannel 
02:37:24.053,apply,7,Applied config change to add node 7 current nodes in channel: [1 2 3 4 5 6 7 8 9 10 11 12 13 14 15 16 17 18 19 20] channel=mychannel 
02:37:24.053,apply,7,Applied config change to add node 8 current nodes in channel: [1 2 3 4 5 6 7 8 9 10 11 12 13 14 15 16 17 18 19 20] channel=mychannel 
02:37:24.053,apply,7,Applied config change to add node 9 current nodes in channel: [1 2 3 4 5 6 7 8 9 10 11 12 13 14 15 16 17 18 19 20] channel=mychannel 
02:37:24.053,apply,7,Applied config change to add node 10 current nodes in channel: [1 2 3 4 5 6 7 8 9 10 11 12 13 14 15 16 17 18 19 20] channel=mychannel 
02:37:24.053,apply,7,Applied config change to add node 11 current nodes in channel: [1 2 3 4 5 6 7 8 9 10 11 12 13 14 15 16 17 18 19 20] channel=mychannel 
02:37:24.053,apply,7,Applied config change to add node 12 current nodes in channel: [1 2 3 4 5 6 7 8 9 10 11 12 13 14 15 16 17 18 19 20] channel=mychannel 
02:37:24.053,apply,7,Applied config change to add node 13 current nodes in channel: [1 2 3 4 5 6 7 8 9 10 11 12 13 14 15 16 17 18 19 20] channel=mychannel 
02:37:24.053,apply,7,Applied config change to add node 14 current nodes in channel: [1 2 3 4 5 6 7 8 9 10 11 12 13 14 15 16 17 18 19 20] channel=mychannel 
02:37:24.053,apply,7,Applied config change to add node 15 current nodes in channel: [1 2 3 4 5 6 7 8 9 10 11 12 13 14 15 16 17 18 19 20] channel=mychannel 
02:37:24.053,apply,7,Applied config change to add node 16 current nodes in channel: [1 2 3 4 5 6 7 8 9 10 11 12 13 14 15 16 17 18 19 20] channel=mychannel 
02:37:24.053,apply,7,Applied config change to add node 17 current nodes in channel: [1 2 3 4 5 6 7 8 9 10 11 12 13 14 15 16 17 18 19 20] channel=mychannel 
02:37:24.053,apply,7,Applied config change to add node 18 current nodes in channel: [1 2 3 4 5 6 7 8 9 10 11 12 13 14 15 16 17 18 19 20] channel=mychannel 
02:37:24.053,apply,7,Applied config change to add node 19 current nodes in channel: [1 2 3 4 5 6 7 8 9 10 11 12 13 14 15 16 17 18 19 20] channel=mychannel 
02:37:24.053,apply,7,Applied config change to add node 20 current nodes in channel: [1 2 3 4 5 6 7 8 9 10 11 12 13 14 15 16 17 18 19 20] channel=mychannel 
02:37:24.868,Step,7,7 [logterm: 1 index: 20 vote: 0] cast MsgPreVote for d [logterm: 1 index: 20] at term 1 channel=mychannel 
02:37:24.898,Step,7,7 [term: 1] received a MsgVote message with higher term from d [term: 2] channel=mychannel 
02:37:24.898,becomeFollower,7,7 became follower at term 2 channel=mychannel 
02:37:24.898,Step,7,7 [logterm: 1 index: 20 vote: 0] cast MsgVote for d [logterm: 1 index: 20] at term 2 channel=mychannel 
02:37:24.999,run,7,raft.node: 7 elected leader d at term 2 channel=mychannel 
02:37:25.089,run,7,Raft leader changed: 0 -> 13 channel=mychannel 
02:38:01.952,writeBlock,7,Writing block [1] (Raft index: 22) to ledger channel=mychannel 
02:38:05.101,writeBlock,7,Writing block [2] (Raft index: 23) to ledger channel=mychannel 
02:39:59.412,writeBlock,7,Writing block [3] (Raft index: 24) to ledger channel=mychannel 
02:41:50.756,writeBlock,7,Writing block [4] (Raft index: 25) to ledger channel=mychannel 
02:41:55.718,writeBlock,7,Writing block [5] (Raft index: 26) to ledger channel=mychannel 
02:42:10.676,writeBlock,7,Writing block [6] (Raft index: 27) to ledger channel=mychannel 
02:50:46.258,writeBlock,7,Writing block [7] (Raft index: 28) to ledger channel=mychannel 
02:51:55.659,writeBlock,7,Writing block [8] (Raft index: 29) to ledger channel=mychannel 
02:53:14.583,writeBlock,7,Writing block [9] (Raft index: 30) to ledger channel=mychannel 
02:54:10.522,writeBlock,7,Writing block [10] (Raft index: 31) to ledger channel=mychannel 
02:55:46.262,writeBlock,7,Writing block [11] (Raft index: 32) to ledger channel=mychannel 
02:56:48.609,writeBlock,7,Writing block [12] (Raft index: 33) to ledger channel=mychannel 
02:57:48.949,writeBlock,7,Writing block [13] (Raft index: 34) to ledger channel=mychannel 
02:58:54.314,writeBlock,7,Writing block [14] (Raft index: 35) to ledger channel=mychannel 
02:59:55.254,writeBlock,7,Writing block [15] (Raft index: 36) to ledger channel=mychannel 
03:00:57.863,writeBlock,7,Writing block [16] (Raft index: 37) to ledger channel=mychannel 
02:36:35.821,HandleChain,s,EvictionSuspicion not set defaulting to 10m0s
02:37:23.407,HandleChain,s,EvictionSuspicion not set defaulting to 10m0s
02:37:23.407,createOrReadWAL,8,No WAL data found creating new WAL at path '/var/hyperledger/production/orderer/etcdraft/wal/mychannel' channel=mychannel 
02:37:23.641,Start,8,Starting Raft node channel=mychannel 
02:37:23.645,start,8,Starting raft node as part of a new channel channel=mychannel 
02:37:23.645,becomeFollower,8,8 became follower at term 0 channel=mychannel 
02:37:23.646,newRaft,8,newRaft 8 [peers: [] term: 0 commit: 0 applied: 0 lastindex: 0 lastterm: 0] channel=mychannel 
02:37:23.646,becomeFollower,8,8 became follower at term 1 channel=mychannel 
02:37:23.838,apply,8,Applied config change to add node 1 current nodes in channel: [1 2 3 4 5 6 7 8 9 10 11 12 13 14 15 16 17 18 19 20] channel=mychannel 
02:37:23.838,apply,8,Applied config change to add node 2 current nodes in channel: [1 2 3 4 5 6 7 8 9 10 11 12 13 14 15 16 17 18 19 20] channel=mychannel 
02:37:23.838,apply,8,Applied config change to add node 3 current nodes in channel: [1 2 3 4 5 6 7 8 9 10 11 12 13 14 15 16 17 18 19 20] channel=mychannel 
02:37:23.838,apply,8,Applied config change to add node 4 current nodes in channel: [1 2 3 4 5 6 7 8 9 10 11 12 13 14 15 16 17 18 19 20] channel=mychannel 
02:37:23.838,apply,8,Applied config change to add node 5 current nodes in channel: [1 2 3 4 5 6 7 8 9 10 11 12 13 14 15 16 17 18 19 20] channel=mychannel 
02:37:23.838,apply,8,Applied config change to add node 6 current nodes in channel: [1 2 3 4 5 6 7 8 9 10 11 12 13 14 15 16 17 18 19 20] channel=mychannel 
02:37:23.838,apply,8,Applied config change to add node 7 current nodes in channel: [1 2 3 4 5 6 7 8 9 10 11 12 13 14 15 16 17 18 19 20] channel=mychannel 
02:37:23.838,apply,8,Applied config change to add node 8 current nodes in channel: [1 2 3 4 5 6 7 8 9 10 11 12 13 14 15 16 17 18 19 20] channel=mychannel 
02:37:23.838,apply,8,Applied config change to add node 9 current nodes in channel: [1 2 3 4 5 6 7 8 9 10 11 12 13 14 15 16 17 18 19 20] channel=mychannel 
02:37:23.838,apply,8,Applied config change to add node 10 current nodes in channel: [1 2 3 4 5 6 7 8 9 10 11 12 13 14 15 16 17 18 19 20] channel=mychannel 
02:37:23.838,apply,8,Applied config change to add node 11 current nodes in channel: [1 2 3 4 5 6 7 8 9 10 11 12 13 14 15 16 17 18 19 20] channel=mychannel 
02:37:23.838,apply,8,Applied config change to add node 12 current nodes in channel: [1 2 3 4 5 6 7 8 9 10 11 12 13 14 15 16 17 18 19 20] channel=mychannel 
02:37:23.839,apply,8,Applied config change to add node 13 current nodes in channel: [1 2 3 4 5 6 7 8 9 10 11 12 13 14 15 16 17 18 19 20] channel=mychannel 
02:37:23.839,apply,8,Applied config change to add node 14 current nodes in channel: [1 2 3 4 5 6 7 8 9 10 11 12 13 14 15 16 17 18 19 20] channel=mychannel 
02:37:23.839,apply,8,Applied config change to add node 15 current nodes in channel: [1 2 3 4 5 6 7 8 9 10 11 12 13 14 15 16 17 18 19 20] channel=mychannel 
02:37:23.839,apply,8,Applied config change to add node 16 current nodes in channel: [1 2 3 4 5 6 7 8 9 10 11 12 13 14 15 16 17 18 19 20] channel=mychannel 
02:37:23.839,apply,8,Applied config change to add node 17 current nodes in channel: [1 2 3 4 5 6 7 8 9 10 11 12 13 14 15 16 17 18 19 20] channel=mychannel 
02:37:23.839,apply,8,Applied config change to add node 18 current nodes in channel: [1 2 3 4 5 6 7 8 9 10 11 12 13 14 15 16 17 18 19 20] channel=mychannel 
02:37:23.839,apply,8,Applied config change to add node 19 current nodes in channel: [1 2 3 4 5 6 7 8 9 10 11 12 13 14 15 16 17 18 19 20] channel=mychannel 
02:37:23.839,apply,8,Applied config change to add node 20 current nodes in channel: [1 2 3 4 5 6 7 8 9 10 11 12 13 14 15 16 17 18 19 20] channel=mychannel 
02:37:24.865,Step,8,8 [logterm: 1 index: 20 vote: 0] cast MsgPreVote for d [logterm: 1 index: 20] at term 1 channel=mychannel 
02:37:24.897,Step,8,8 [term: 1] received a MsgVote message with higher term from d [term: 2] channel=mychannel 
02:37:24.897,becomeFollower,8,8 became follower at term 2 channel=mychannel 
02:37:24.898,Step,8,8 [logterm: 1 index: 20 vote: 0] cast MsgVote for d [logterm: 1 index: 20] at term 2 channel=mychannel 
02:37:24.998,run,8,raft.node: 8 elected leader d at term 2 channel=mychannel 
02:37:25.087,run,8,Raft leader changed: 0 -> 13 channel=mychannel 
02:38:01.980,writeBlock,8,Writing block [1] (Raft index: 22) to ledger channel=mychannel 
02:38:05.101,writeBlock,8,Writing block [2] (Raft index: 23) to ledger channel=mychannel 
02:39:59.412,writeBlock,8,Writing block [3] (Raft index: 24) to ledger channel=mychannel 
02:41:50.755,writeBlock,8,Writing block [4] (Raft index: 25) to ledger channel=mychannel 
02:41:55.717,writeBlock,8,Writing block [5] (Raft index: 26) to ledger channel=mychannel 
02:42:10.679,writeBlock,8,Writing block [6] (Raft index: 27) to ledger channel=mychannel 
02:50:46.261,writeBlock,8,Writing block [7] (Raft index: 28) to ledger channel=mychannel 
02:51:55.658,writeBlock,8,Writing block [8] (Raft index: 29) to ledger channel=mychannel 
02:53:14.585,writeBlock,8,Writing block [9] (Raft index: 30) to ledger channel=mychannel 
02:54:10.523,writeBlock,8,Writing block [10] (Raft index: 31) to ledger channel=mychannel 
02:55:46.301,writeBlock,8,Writing block [11] (Raft index: 32) to ledger channel=mychannel 
02:56:48.573,writeBlock,8,Writing block [12] (Raft index: 33) to ledger channel=mychannel 
02:57:48.944,writeBlock,8,Writing block [13] (Raft index: 34) to ledger channel=mychannel 
02:58:54.311,writeBlock,8,Writing block [14] (Raft index: 35) to ledger channel=mychannel 
02:59:55.254,writeBlock,8,Writing block [15] (Raft index: 36) to ledger channel=mychannel 
03:00:57.863,writeBlock,8,Writing block [16] (Raft index: 37) to ledger channel=mychannel 
02:36:18.717,HandleChain,s,EvictionSuspicion not set defaulting to 10m0s
02:37:23.412,HandleChain,s,EvictionSuspicion not set defaulting to 10m0s
02:37:23.412,createOrReadWAL,1,No WAL data found creating new WAL at path '/var/hyperledger/production/orderer/etcdraft/wal/mychannel' channel=mychannel 
02:37:23.613,Start,1,Starting Raft node channel=mychannel 
02:37:23.617,start,1,Starting raft node as part of a new channel channel=mychannel 
02:37:23.617,becomeFollower,1,b became follower at term 0 channel=mychannel 
02:37:23.618,newRaft,1,newRaft b [peers: [] term: 0 commit: 0 applied: 0 lastindex: 0 lastterm: 0] channel=mychannel 
02:37:23.618,becomeFollower,1,b became follower at term 1 channel=mychannel 
02:37:23.723,apply,1,Applied config change to add node 1 current nodes in channel: [1 2 3 4 5 6 7 8 9 10 11 12 13 14 15 16 17 18 19 20] channel=mychannel 
02:37:23.724,apply,1,Applied config change to add node 2 current nodes in channel: [1 2 3 4 5 6 7 8 9 10 11 12 13 14 15 16 17 18 19 20] channel=mychannel 
02:37:23.724,apply,1,Applied config change to add node 3 current nodes in channel: [1 2 3 4 5 6 7 8 9 10 11 12 13 14 15 16 17 18 19 20] channel=mychannel 
02:37:23.724,apply,1,Applied config change to add node 4 current nodes in channel: [1 2 3 4 5 6 7 8 9 10 11 12 13 14 15 16 17 18 19 20] channel=mychannel 
02:37:23.724,apply,1,Applied config change to add node 5 current nodes in channel: [1 2 3 4 5 6 7 8 9 10 11 12 13 14 15 16 17 18 19 20] channel=mychannel 
02:37:23.724,apply,1,Applied config change to add node 6 current nodes in channel: [1 2 3 4 5 6 7 8 9 10 11 12 13 14 15 16 17 18 19 20] channel=mychannel 
02:37:23.724,apply,1,Applied config change to add node 7 current nodes in channel: [1 2 3 4 5 6 7 8 9 10 11 12 13 14 15 16 17 18 19 20] channel=mychannel 
02:37:23.724,apply,1,Applied config change to add node 8 current nodes in channel: [1 2 3 4 5 6 7 8 9 10 11 12 13 14 15 16 17 18 19 20] channel=mychannel 
02:37:23.724,apply,1,Applied config change to add node 9 current nodes in channel: [1 2 3 4 5 6 7 8 9 10 11 12 13 14 15 16 17 18 19 20] channel=mychannel 
02:37:23.724,apply,1,Applied config change to add node 10 current nodes in channel: [1 2 3 4 5 6 7 8 9 10 11 12 13 14 15 16 17 18 19 20] channel=mychannel 
02:37:23.724,apply,1,Applied config change to add node 11 current nodes in channel: [1 2 3 4 5 6 7 8 9 10 11 12 13 14 15 16 17 18 19 20] channel=mychannel 
02:37:23.724,apply,1,Applied config change to add node 12 current nodes in channel: [1 2 3 4 5 6 7 8 9 10 11 12 13 14 15 16 17 18 19 20] channel=mychannel 
02:37:23.724,apply,1,Applied config change to add node 13 current nodes in channel: [1 2 3 4 5 6 7 8 9 10 11 12 13 14 15 16 17 18 19 20] channel=mychannel 
02:37:23.724,apply,1,Applied config change to add node 14 current nodes in channel: [1 2 3 4 5 6 7 8 9 10 11 12 13 14 15 16 17 18 19 20] channel=mychannel 
02:37:23.724,apply,1,Applied config change to add node 15 current nodes in channel: [1 2 3 4 5 6 7 8 9 10 11 12 13 14 15 16 17 18 19 20] channel=mychannel 
02:37:23.724,apply,1,Applied config change to add node 16 current nodes in channel: [1 2 3 4 5 6 7 8 9 10 11 12 13 14 15 16 17 18 19 20] channel=mychannel 
02:37:23.724,apply,1,Applied config change to add node 17 current nodes in channel: [1 2 3 4 5 6 7 8 9 10 11 12 13 14 15 16 17 18 19 20] channel=mychannel 
02:37:23.724,apply,1,Applied config change to add node 18 current nodes in channel: [1 2 3 4 5 6 7 8 9 10 11 12 13 14 15 16 17 18 19 20] channel=mychannel 
02:37:23.724,apply,1,Applied config change to add node 19 current nodes in channel: [1 2 3 4 5 6 7 8 9 10 11 12 13 14 15 16 17 18 19 20] channel=mychannel 
02:37:23.724,apply,1,Applied config change to add node 20 current nodes in channel: [1 2 3 4 5 6 7 8 9 10 11 12 13 14 15 16 17 18 19 20] channel=mychannel 
02:37:24.866,Step,1,b [logterm: 1 index: 20 vote: 0] cast MsgPreVote for d [logterm: 1 index: 20] at term 1 channel=mychannel 
02:37:24.898,Step,1,b [term: 1] received a MsgVote message with higher term from d [term: 2] channel=mychannel 
02:37:24.898,becomeFollower,1,b became follower at term 2 channel=mychannel 
02:37:24.898,Step,1,b [logterm: 1 index: 20 vote: 0] cast MsgVote for d [logterm: 1 index: 20] at term 2 channel=mychannel 
02:37:24.998,run,1,raft.node: b elected leader d at term 2 channel=mychannel 
02:37:25.086,run,1,Raft leader changed: 0 -> 13 channel=mychannel 
02:38:01.960,writeBlock,1,Writing block [1] (Raft index: 22) to ledger channel=mychannel 
02:38:05.101,writeBlock,1,Writing block [2] (Raft index: 23) to ledger channel=mychannel 
02:39:59.412,writeBlock,1,Writing block [3] (Raft index: 24) to ledger channel=mychannel 
02:41:50.792,writeBlock,1,Writing block [4] (Raft index: 25) to ledger channel=mychannel 
02:41:55.719,writeBlock,1,Writing block [5] (Raft index: 26) to ledger channel=mychannel 
02:42:10.678,writeBlock,1,Writing block [6] (Raft index: 27) to ledger channel=mychannel 
02:50:46.260,writeBlock,1,Writing block [7] (Raft index: 28) to ledger channel=mychannel 
02:51:55.659,writeBlock,1,Writing block [8] (Raft index: 29) to ledger channel=mychannel 
02:53:14.588,writeBlock,1,Writing block [9] (Raft index: 30) to ledger channel=mychannel 
02:54:10.525,writeBlock,1,Writing block [10] (Raft index: 31) to ledger channel=mychannel 
02:55:46.261,writeBlock,1,Writing block [11] (Raft index: 32) to ledger channel=mychannel 
02:56:48.574,writeBlock,1,Writing block [12] (Raft index: 33) to ledger channel=mychannel 
02:57:48.945,writeBlock,1,Writing block [13] (Raft index: 34) to ledger channel=mychannel 
02:58:54.419,writeBlock,1,Writing block [14] (Raft index: 35) to ledger channel=mychannel 
02:59:55.253,writeBlock,1,Writing block [15] (Raft index: 36) to ledger channel=mychannel 
03:00:57.863,writeBlock,1,Writing block [16] (Raft index: 37) to ledger channel=mychannel 
02:36:45.913,HandleChain,s,EvictionSuspicion not set defaulting to 10m0s
02:37:23.406,HandleChain,s,EvictionSuspicion not set defaulting to 10m0s
02:37:23.406,createOrReadWAL,2,No WAL data found creating new WAL at path '/var/hyperledger/production/orderer/etcdraft/wal/mychannel' channel=mychannel 
02:37:23.613,Start,2,Starting Raft node channel=mychannel 
02:37:23.623,start,2,Starting raft node as part of a new channel channel=mychannel 
02:37:23.623,becomeFollower,2,c became follower at term 0 channel=mychannel 
02:37:23.623,newRaft,2,newRaft c [peers: [] term: 0 commit: 0 applied: 0 lastindex: 0 lastterm: 0] channel=mychannel 
02:37:23.623,becomeFollower,2,c became follower at term 1 channel=mychannel 
02:37:23.839,apply,2,Applied config change to add node 1 current nodes in channel: [1 2 3 4 5 6 7 8 9 10 11 12 13 14 15 16 17 18 19 20] channel=mychannel 
02:37:23.840,apply,2,Applied config change to add node 2 current nodes in channel: [1 2 3 4 5 6 7 8 9 10 11 12 13 14 15 16 17 18 19 20] channel=mychannel 
02:37:23.840,apply,2,Applied config change to add node 3 current nodes in channel: [1 2 3 4 5 6 7 8 9 10 11 12 13 14 15 16 17 18 19 20] channel=mychannel 
02:37:23.840,apply,2,Applied config change to add node 4 current nodes in channel: [1 2 3 4 5 6 7 8 9 10 11 12 13 14 15 16 17 18 19 20] channel=mychannel 
02:37:23.840,apply,2,Applied config change to add node 5 current nodes in channel: [1 2 3 4 5 6 7 8 9 10 11 12 13 14 15 16 17 18 19 20] channel=mychannel 
02:37:23.840,apply,2,Applied config change to add node 6 current nodes in channel: [1 2 3 4 5 6 7 8 9 10 11 12 13 14 15 16 17 18 19 20] channel=mychannel 
02:37:23.840,apply,2,Applied config change to add node 7 current nodes in channel: [1 2 3 4 5 6 7 8 9 10 11 12 13 14 15 16 17 18 19 20] channel=mychannel 
02:37:23.840,apply,2,Applied config change to add node 8 current nodes in channel: [1 2 3 4 5 6 7 8 9 10 11 12 13 14 15 16 17 18 19 20] channel=mychannel 
02:37:23.840,apply,2,Applied config change to add node 9 current nodes in channel: [1 2 3 4 5 6 7 8 9 10 11 12 13 14 15 16 17 18 19 20] channel=mychannel 
02:37:23.840,apply,2,Applied config change to add node 10 current nodes in channel: [1 2 3 4 5 6 7 8 9 10 11 12 13 14 15 16 17 18 19 20] channel=mychannel 
02:37:23.840,apply,2,Applied config change to add node 11 current nodes in channel: [1 2 3 4 5 6 7 8 9 10 11 12 13 14 15 16 17 18 19 20] channel=mychannel 
02:37:23.840,apply,2,Applied config change to add node 12 current nodes in channel: [1 2 3 4 5 6 7 8 9 10 11 12 13 14 15 16 17 18 19 20] channel=mychannel 
02:37:23.840,apply,2,Applied config change to add node 13 current nodes in channel: [1 2 3 4 5 6 7 8 9 10 11 12 13 14 15 16 17 18 19 20] channel=mychannel 
02:37:23.840,apply,2,Applied config change to add node 14 current nodes in channel: [1 2 3 4 5 6 7 8 9 10 11 12 13 14 15 16 17 18 19 20] channel=mychannel 
02:37:23.840,apply,2,Applied config change to add node 15 current nodes in channel: [1 2 3 4 5 6 7 8 9 10 11 12 13 14 15 16 17 18 19 20] channel=mychannel 
02:37:23.840,apply,2,Applied config change to add node 16 current nodes in channel: [1 2 3 4 5 6 7 8 9 10 11 12 13 14 15 16 17 18 19 20] channel=mychannel 
02:37:23.840,apply,2,Applied config change to add node 17 current nodes in channel: [1 2 3 4 5 6 7 8 9 10 11 12 13 14 15 16 17 18 19 20] channel=mychannel 
02:37:23.840,apply,2,Applied config change to add node 18 current nodes in channel: [1 2 3 4 5 6 7 8 9 10 11 12 13 14 15 16 17 18 19 20] channel=mychannel 
02:37:23.840,apply,2,Applied config change to add node 19 current nodes in channel: [1 2 3 4 5 6 7 8 9 10 11 12 13 14 15 16 17 18 19 20] channel=mychannel 
02:37:23.840,apply,2,Applied config change to add node 20 current nodes in channel: [1 2 3 4 5 6 7 8 9 10 11 12 13 14 15 16 17 18 19 20] channel=mychannel 
02:37:24.865,Step,2,c [logterm: 1 index: 20 vote: 0] cast MsgPreVote for d [logterm: 1 index: 20] at term 1 channel=mychannel 
02:37:24.898,Step,2,c [term: 1] received a MsgVote message with higher term from d [term: 2] channel=mychannel 
02:37:24.898,becomeFollower,2,c became follower at term 2 channel=mychannel 
02:37:24.898,Step,2,c [logterm: 1 index: 20 vote: 0] cast MsgVote for d [logterm: 1 index: 20] at term 2 channel=mychannel 
02:37:24.998,run,2,raft.node: c elected leader d at term 2 channel=mychannel 
02:37:25.086,run,2,Raft leader changed: 0 -> 13 channel=mychannel 
02:38:01.953,writeBlock,2,Writing block [1] (Raft index: 22) to ledger channel=mychannel 
02:38:05.105,writeBlock,2,Writing block [2] (Raft index: 23) to ledger channel=mychannel 
02:39:59.414,writeBlock,2,Writing block [3] (Raft index: 24) to ledger channel=mychannel 
02:41:50.793,writeBlock,2,Writing block [4] (Raft index: 25) to ledger channel=mychannel 
02:41:55.717,writeBlock,2,Writing block [5] (Raft index: 26) to ledger channel=mychannel 
02:42:10.677,writeBlock,2,Writing block [6] (Raft index: 27) to ledger channel=mychannel 
02:50:46.259,writeBlock,2,Writing block [7] (Raft index: 28) to ledger channel=mychannel 
02:51:55.658,writeBlock,2,Writing block [8] (Raft index: 29) to ledger channel=mychannel 
02:53:14.586,writeBlock,2,Writing block [9] (Raft index: 30) to ledger channel=mychannel 
02:54:10.523,writeBlock,2,Writing block [10] (Raft index: 31) to ledger channel=mychannel 
02:55:46.300,writeBlock,2,Writing block [11] (Raft index: 32) to ledger channel=mychannel 
02:56:48.571,writeBlock,2,Writing block [12] (Raft index: 33) to ledger channel=mychannel 
02:57:48.944,writeBlock,2,Writing block [13] (Raft index: 34) to ledger channel=mychannel 
02:58:54.312,writeBlock,2,Writing block [14] (Raft index: 35) to ledger channel=mychannel 
02:59:55.258,writeBlock,2,Writing block [15] (Raft index: 36) to ledger channel=mychannel 
03:00:57.863,writeBlock,2,Writing block [16] (Raft index: 37) to ledger channel=mychannel 
02:36:45.490,HandleChain,s,EvictionSuspicion not set defaulting to 10m0s
02:37:23.411,HandleChain,s,EvictionSuspicion not set defaulting to 10m0s
02:37:23.411,createOrReadWAL,3,No WAL data found creating new WAL at path '/var/hyperledger/production/orderer/etcdraft/wal/mychannel' channel=mychannel 
02:37:23.859,Start,3,Starting Raft node channel=mychannel 
02:37:23.863,start,3,Starting raft node as part of a new channel channel=mychannel 
02:37:23.863,becomeFollower,3,d became follower at term 0 channel=mychannel 
02:37:23.863,newRaft,3,newRaft d [peers: [] term: 0 commit: 0 applied: 0 lastindex: 0 lastterm: 0] channel=mychannel 
02:37:23.863,becomeFollower,3,d became follower at term 1 channel=mychannel 
02:37:23.863,run,3,This node is picked to start campaign channel=mychannel 
02:37:24.107,apply,3,Applied config change to add node 1 current nodes in channel: [1 2 3 4 5 6 7 8 9 10 11 12 13 14 15 16 17 18 19 20] channel=mychannel 
02:37:24.107,apply,3,Applied config change to add node 2 current nodes in channel: [1 2 3 4 5 6 7 8 9 10 11 12 13 14 15 16 17 18 19 20] channel=mychannel 
02:37:24.107,apply,3,Applied config change to add node 3 current nodes in channel: [1 2 3 4 5 6 7 8 9 10 11 12 13 14 15 16 17 18 19 20] channel=mychannel 
02:37:24.107,apply,3,Applied config change to add node 4 current nodes in channel: [1 2 3 4 5 6 7 8 9 10 11 12 13 14 15 16 17 18 19 20] channel=mychannel 
02:37:24.107,apply,3,Applied config change to add node 5 current nodes in channel: [1 2 3 4 5 6 7 8 9 10 11 12 13 14 15 16 17 18 19 20] channel=mychannel 
02:37:24.107,apply,3,Applied config change to add node 6 current nodes in channel: [1 2 3 4 5 6 7 8 9 10 11 12 13 14 15 16 17 18 19 20] channel=mychannel 
02:37:24.107,apply,3,Applied config change to add node 7 current nodes in channel: [1 2 3 4 5 6 7 8 9 10 11 12 13 14 15 16 17 18 19 20] channel=mychannel 
02:37:24.107,apply,3,Applied config change to add node 8 current nodes in channel: [1 2 3 4 5 6 7 8 9 10 11 12 13 14 15 16 17 18 19 20] channel=mychannel 
02:37:24.107,apply,3,Applied config change to add node 9 current nodes in channel: [1 2 3 4 5 6 7 8 9 10 11 12 13 14 15 16 17 18 19 20] channel=mychannel 
02:37:24.107,apply,3,Applied config change to add node 10 current nodes in channel: [1 2 3 4 5 6 7 8 9 10 11 12 13 14 15 16 17 18 19 20] channel=mychannel 
02:37:24.107,apply,3,Applied config change to add node 11 current nodes in channel: [1 2 3 4 5 6 7 8 9 10 11 12 13 14 15 16 17 18 19 20] channel=mychannel 
02:37:24.107,apply,3,Applied config change to add node 12 current nodes in channel: [1 2 3 4 5 6 7 8 9 10 11 12 13 14 15 16 17 18 19 20] channel=mychannel 
02:37:24.107,apply,3,Applied config change to add node 13 current nodes in channel: [1 2 3 4 5 6 7 8 9 10 11 12 13 14 15 16 17 18 19 20] channel=mychannel 
02:37:24.107,apply,3,Applied config change to add node 14 current nodes in channel: [1 2 3 4 5 6 7 8 9 10 11 12 13 14 15 16 17 18 19 20] channel=mychannel 
02:37:24.107,apply,3,Applied config change to add node 15 current nodes in channel: [1 2 3 4 5 6 7 8 9 10 11 12 13 14 15 16 17 18 19 20] channel=mychannel 
02:37:24.107,apply,3,Applied config change to add node 16 current nodes in channel: [1 2 3 4 5 6 7 8 9 10 11 12 13 14 15 16 17 18 19 20] channel=mychannel 
02:37:24.107,apply,3,Applied config change to add node 17 current nodes in channel: [1 2 3 4 5 6 7 8 9 10 11 12 13 14 15 16 17 18 19 20] channel=mychannel 
02:37:24.108,apply,3,Applied config change to add node 18 current nodes in channel: [1 2 3 4 5 6 7 8 9 10 11 12 13 14 15 16 17 18 19 20] channel=mychannel 
02:37:24.108,apply,3,Applied config change to add node 19 current nodes in channel: [1 2 3 4 5 6 7 8 9 10 11 12 13 14 15 16 17 18 19 20] channel=mychannel 
02:37:24.108,apply,3,Applied config change to add node 20 current nodes in channel: [1 2 3 4 5 6 7 8 9 10 11 12 13 14 15 16 17 18 19 20] channel=mychannel 
02:37:24.863,Step,3,d is starting a new election at term 1 channel=mychannel 
02:37:24.863,becomePreCandidate,3,d became pre-candidate at term 1 channel=mychannel 
02:37:24.863,poll,3,d received MsgPreVoteResp from d at term 1 channel=mychannel 
02:37:24.863,campaign,3,d [logterm: 1 index: 20] sent MsgPreVote request to 2 at term 1 channel=mychannel 
02:37:24.863,campaign,3,d [logterm: 1 index: 20] sent MsgPreVote request to 4 at term 1 channel=mychannel 
02:37:24.863,campaign,3,d [logterm: 1 index: 20] sent MsgPreVote request to e at term 1 channel=mychannel 
02:37:24.863,campaign,3,d [logterm: 1 index: 20] sent MsgPreVote request to 1 at term 1 channel=mychannel 
02:37:24.863,campaign,3,d [logterm: 1 index: 20] sent MsgPreVote request to 5 at term 1 channel=mychannel 
02:37:24.863,campaign,3,d [logterm: 1 index: 20] sent MsgPreVote request to 6 at term 1 channel=mychannel 
02:37:24.863,campaign,3,d [logterm: 1 index: 20] sent MsgPreVote request to 9 at term 1 channel=mychannel 
02:37:24.863,campaign,3,d [logterm: 1 index: 20] sent MsgPreVote request to b at term 1 channel=mychannel 
02:37:24.863,campaign,3,d [logterm: 1 index: 20] sent MsgPreVote request to 12 at term 1 channel=mychannel 
02:37:24.863,campaign,3,d [logterm: 1 index: 20] sent MsgPreVote request to 3 at term 1 channel=mychannel 
02:37:24.863,campaign,3,d [logterm: 1 index: 20] sent MsgPreVote request to 7 at term 1 channel=mychannel 
02:37:24.863,campaign,3,d [logterm: 1 index: 20] sent MsgPreVote request to a at term 1 channel=mychannel 
02:37:24.863,campaign,3,d [logterm: 1 index: 20] sent MsgPreVote request to f at term 1 channel=mychannel 
02:37:24.863,campaign,3,d [logterm: 1 index: 20] sent MsgPreVote request to 11 at term 1 channel=mychannel 
02:37:24.863,campaign,3,d [logterm: 1 index: 20] sent MsgPreVote request to 8 at term 1 channel=mychannel 
02:37:24.863,campaign,3,d [logterm: 1 index: 20] sent MsgPreVote request to c at term 1 channel=mychannel 
02:37:24.863,campaign,3,d [logterm: 1 index: 20] sent MsgPreVote request to 10 at term 1 channel=mychannel 
02:37:24.863,campaign,3,d [logterm: 1 index: 20] sent MsgPreVote request to 13 at term 1 channel=mychannel 
02:37:24.864,campaign,3,d [logterm: 1 index: 20] sent MsgPreVote request to 14 at term 1 channel=mychannel 
02:37:24.864,logSendFailure,3,Failed to send StepRequest to 18 because: rpc error: code = Unavailable desc = all SubConns are in TransientFailure latest connection error: connection error: desc = "transport: Error while dialing dial tcp 192.168.0.18:23050: connect: connection refused" channel=mychannel 
02:37:24.864,logSendFailure,3,Failed to send StepRequest to 10 because: rpc error: code = Unavailable desc = all SubConns are in TransientFailure latest connection error: connection error: desc = "transport: Error while dialing dial tcp: lookup orderer10.ord1.example.com: no such host" channel=mychannel 
02:37:24.864,logSendFailure,3,Failed to send StepRequest to 19 because: rpc error: code = Unavailable desc = all SubConns are in TransientFailure latest connection error: connection error: desc = "transport: Error while dialing dial tcp 192.168.0.6:23050: connect: connection refused" channel=mychannel 
02:37:24.865,logSendFailure,3,Failed to send StepRequest to 20 because: rpc error: code = Unavailable desc = all SubConns are in TransientFailure latest connection error: connection error: desc = "transport: Error while dialing dial tcp 192.168.0.8:23050: connect: connection refused" channel=mychannel 
02:37:24.865,poll,3,d received MsgPreVoteResp from 2 at term 1 channel=mychannel 
02:37:24.865,stepCandidate,3,d [quorum:11] has received 2 MsgPreVoteResp votes and 0 vote rejections channel=mychannel 
02:37:24.865,poll,3,d received MsgPreVoteResp from 4 at term 1 channel=mychannel 
02:37:24.865,stepCandidate,3,d [quorum:11] has received 3 MsgPreVoteResp votes and 0 vote rejections channel=mychannel 
02:37:24.866,poll,3,d received MsgPreVoteResp from 9 at term 1 channel=mychannel 
02:37:24.866,stepCandidate,3,d [quorum:11] has received 4 MsgPreVoteResp votes and 0 vote rejections channel=mychannel 
02:37:24.866,poll,3,d received MsgPreVoteResp from 6 at term 1 channel=mychannel 
02:37:24.866,stepCandidate,3,d [quorum:11] has received 5 MsgPreVoteResp votes and 0 vote rejections channel=mychannel 
02:37:24.866,poll,3,d received MsgPreVoteResp from 1 at term 1 channel=mychannel 
02:37:24.866,stepCandidate,3,d [quorum:11] has received 6 MsgPreVoteResp votes and 0 vote rejections channel=mychannel 
02:37:24.866,poll,3,d received MsgPreVoteResp from c at term 1 channel=mychannel 
02:37:24.866,stepCandidate,3,d [quorum:11] has received 7 MsgPreVoteResp votes and 0 vote rejections channel=mychannel 
02:37:24.866,poll,3,d received MsgPreVoteResp from 10 at term 1 channel=mychannel 
02:37:24.866,stepCandidate,3,d [quorum:11] has received 8 MsgPreVoteResp votes and 0 vote rejections channel=mychannel 
02:37:24.866,poll,3,d received MsgPreVoteResp from 8 at term 1 channel=mychannel 
02:37:24.866,stepCandidate,3,d [quorum:11] has received 9 MsgPreVoteResp votes and 0 vote rejections channel=mychannel 
02:37:24.866,poll,3,d received MsgPreVoteResp from e at term 1 channel=mychannel 
02:37:24.866,stepCandidate,3,d [quorum:11] has received 10 MsgPreVoteResp votes and 0 vote rejections channel=mychannel 
02:37:24.866,poll,3,d received MsgPreVoteResp from 5 at term 1 channel=mychannel 
02:37:24.866,stepCandidate,3,d [quorum:11] has received 11 MsgPreVoteResp votes and 0 vote rejections channel=mychannel 
02:37:24.866,becomeCandidate,3,d became candidate at term 2 channel=mychannel 
02:37:24.866,poll,3,d received MsgVoteResp from d at term 2 channel=mychannel 
02:37:24.866,campaign,3,d [logterm: 1 index: 20] sent MsgVote request to 3 at term 2 channel=mychannel 
02:37:24.866,campaign,3,d [logterm: 1 index: 20] sent MsgVote request to 7 at term 2 channel=mychannel 
02:37:24.866,campaign,3,d [logterm: 1 index: 20] sent MsgVote request to a at term 2 channel=mychannel 
02:37:24.866,campaign,3,d [logterm: 1 index: 20] sent MsgVote request to f at term 2 channel=mychannel 
02:37:24.866,campaign,3,d [logterm: 1 index: 20] sent MsgVote request to 11 at term 2 channel=mychannel 
02:37:24.867,campaign,3,d [logterm: 1 index: 20] sent MsgVote request to 8 at term 2 channel=mychannel 
02:37:24.867,campaign,3,d [logterm: 1 index: 20] sent MsgVote request to c at term 2 channel=mychannel 
02:37:24.867,campaign,3,d [logterm: 1 index: 20] sent MsgVote request to 10 at term 2 channel=mychannel 
02:37:24.867,campaign,3,d [logterm: 1 index: 20] sent MsgVote request to 13 at term 2 channel=mychannel 
02:37:24.867,campaign,3,d [logterm: 1 index: 20] sent MsgVote request to 14 at term 2 channel=mychannel 
02:37:24.867,campaign,3,d [logterm: 1 index: 20] sent MsgVote request to 2 at term 2 channel=mychannel 
02:37:24.867,campaign,3,d [logterm: 1 index: 20] sent MsgVote request to 4 at term 2 channel=mychannel 
02:37:24.867,campaign,3,d [logterm: 1 index: 20] sent MsgVote request to e at term 2 channel=mychannel 
02:37:24.867,campaign,3,d [logterm: 1 index: 20] sent MsgVote request to 1 at term 2 channel=mychannel 
02:37:24.867,campaign,3,d [logterm: 1 index: 20] sent MsgVote request to 5 at term 2 channel=mychannel 
02:37:24.867,campaign,3,d [logterm: 1 index: 20] sent MsgVote request to 6 at term 2 channel=mychannel 
02:37:24.867,campaign,3,d [logterm: 1 index: 20] sent MsgVote request to 9 at term 2 channel=mychannel 
02:37:24.867,campaign,3,d [logterm: 1 index: 20] sent MsgVote request to b at term 2 channel=mychannel 
02:37:24.867,campaign,3,d [logterm: 1 index: 20] sent MsgVote request to 12 at term 2 channel=mychannel 
02:37:24.942,poll,3,d received MsgVoteResp from 3 at term 2 channel=mychannel 
02:37:24.942,stepCandidate,3,d [quorum:11] has received 2 MsgVoteResp votes and 0 vote rejections channel=mychannel 
02:37:24.986,poll,3,d received MsgVoteResp from 8 at term 2 channel=mychannel 
02:37:24.986,stepCandidate,3,d [quorum:11] has received 3 MsgVoteResp votes and 0 vote rejections channel=mychannel 
02:37:24.986,poll,3,d received MsgVoteResp from e at term 2 channel=mychannel 
02:37:24.986,stepCandidate,3,d [quorum:11] has received 4 MsgVoteResp votes and 0 vote rejections channel=mychannel 
02:37:24.986,poll,3,d received MsgVoteResp from 5 at term 2 channel=mychannel 
02:37:24.986,stepCandidate,3,d [quorum:11] has received 5 MsgVoteResp votes and 0 vote rejections channel=mychannel 
02:37:24.986,poll,3,d received MsgVoteResp from f at term 2 channel=mychannel 
02:37:24.987,stepCandidate,3,d [quorum:11] has received 6 MsgVoteResp votes and 0 vote rejections channel=mychannel 
02:37:24.987,poll,3,d received MsgVoteResp from 7 at term 2 channel=mychannel 
02:37:24.987,stepCandidate,3,d [quorum:11] has received 7 MsgVoteResp votes and 0 vote rejections channel=mychannel 
02:37:24.987,poll,3,d received MsgVoteResp from b at term 2 channel=mychannel 
02:37:24.987,stepCandidate,3,d [quorum:11] has received 8 MsgVoteResp votes and 0 vote rejections channel=mychannel 
02:37:24.987,poll,3,d received MsgVoteResp from 1 at term 2 channel=mychannel 
02:37:24.987,stepCandidate,3,d [quorum:11] has received 9 MsgVoteResp votes and 0 vote rejections channel=mychannel 
02:37:24.987,poll,3,d received MsgVoteResp from c at term 2 channel=mychannel 
02:37:24.987,stepCandidate,3,d [quorum:11] has received 10 MsgVoteResp votes and 0 vote rejections channel=mychannel 
02:37:24.987,poll,3,d received MsgVoteResp from 11 at term 2 channel=mychannel 
02:37:24.987,stepCandidate,3,d [quorum:11] has received 11 MsgVoteResp votes and 0 vote rejections channel=mychannel 
02:37:24.987,becomeLeader,3,d became leader at term 2 channel=mychannel 
02:37:24.987,run,3,raft.node: d elected leader d at term 2 channel=mychannel 
02:37:24.997,run,3,Leader 13 is present quit campaign channel=mychannel 
02:37:24.997,run,3,Raft leader changed: 0 -> 13 channel=mychannel 
02:37:25.087,run,3,Start accepting requests as Raft leader at block [0] channel=mychannel 
02:38:01.661,propose,3,Created block [1] there are 0 blocks in flight channel=mychannel 
02:38:01.661,run,3,Received config transaction pause accepting transaction till it is committed channel=mychannel 
02:38:01.936,writeBlock,3,Writing block [1] (Raft index: 22) to ledger channel=mychannel 
02:38:04.891,propose,3,Created block [2] there are 0 blocks in flight channel=mychannel 
02:38:04.891,run,3,Received config transaction pause accepting transaction till it is committed channel=mychannel 
02:38:05.087,writeBlock,3,Writing block [2] (Raft index: 23) to ledger channel=mychannel 
02:39:59.220,propose,3,Created block [3] there are 0 blocks in flight channel=mychannel 
02:39:59.411,writeBlock,3,Writing block [3] (Raft index: 24) to ledger channel=mychannel 
02:41:50.612,propose,3,Created block [4] there are 0 blocks in flight channel=mychannel 
02:41:50.751,writeBlock,3,Writing block [4] (Raft index: 25) to ledger channel=mychannel 
02:41:55.576,propose,3,Created block [5] there are 0 blocks in flight channel=mychannel 
02:41:55.715,writeBlock,3,Writing block [5] (Raft index: 26) to ledger channel=mychannel 
02:42:10.538,propose,3,Created block [6] there are 0 blocks in flight channel=mychannel 
02:42:10.675,writeBlock,3,Writing block [6] (Raft index: 27) to ledger channel=mychannel 
02:50:46.105,propose,3,Created block [7] there are 0 blocks in flight channel=mychannel 
02:50:46.257,writeBlock,3,Writing block [7] (Raft index: 28) to ledger channel=mychannel 
02:51:55.528,propose,3,Created block [8] there are 0 blocks in flight channel=mychannel 
02:51:55.658,writeBlock,3,Writing block [8] (Raft index: 29) to ledger channel=mychannel 
02:53:14.469,propose,3,Created block [9] there are 0 blocks in flight channel=mychannel 
02:53:14.582,writeBlock,3,Writing block [9] (Raft index: 30) to ledger channel=mychannel 
02:54:10.335,propose,3,Created block [10] there are 0 blocks in flight channel=mychannel 
02:54:10.521,writeBlock,3,Writing block [10] (Raft index: 31) to ledger channel=mychannel 
02:55:46.136,propose,3,Created block [11] there are 0 blocks in flight channel=mychannel 
02:55:46.258,writeBlock,3,Writing block [11] (Raft index: 32) to ledger channel=mychannel 
02:56:48.438,propose,3,Created block [12] there are 0 blocks in flight channel=mychannel 
02:56:48.570,writeBlock,3,Writing block [12] (Raft index: 33) to ledger channel=mychannel 
02:57:48.752,propose,3,Created block [13] there are 0 blocks in flight channel=mychannel 
02:57:48.941,writeBlock,3,Writing block [13] (Raft index: 34) to ledger channel=mychannel 
02:58:54.172,propose,3,Created block [14] there are 0 blocks in flight channel=mychannel 
02:58:54.310,writeBlock,3,Writing block [14] (Raft index: 35) to ledger channel=mychannel 
02:59:55.068,propose,3,Created block [15] there are 0 blocks in flight channel=mychannel 
02:59:55.252,writeBlock,3,Writing block [15] (Raft index: 36) to ledger channel=mychannel 
03:00:57.693,propose,3,Created block [16] there are 0 blocks in flight channel=mychannel 
03:00:57.861,writeBlock,3,Writing block [16] (Raft index: 37) to ledger channel=mychannel 
02:36:32.319,HandleChain,s,EvictionSuspicion not set defaulting to 10m0s
02:37:23.410,HandleChain,s,EvictionSuspicion not set defaulting to 10m0s
02:37:23.410,createOrReadWAL,4,No WAL data found creating new WAL at path '/var/hyperledger/production/orderer/etcdraft/wal/mychannel' channel=mychannel 
02:37:23.616,Start,4,Starting Raft node channel=mychannel 
02:37:23.621,start,4,Starting raft node as part of a new channel channel=mychannel 
02:37:23.621,becomeFollower,4,e became follower at term 0 channel=mychannel 
02:37:23.621,newRaft,4,newRaft e [peers: [] term: 0 commit: 0 applied: 0 lastindex: 0 lastterm: 0] channel=mychannel 
02:37:23.621,becomeFollower,4,e became follower at term 1 channel=mychannel 
02:37:23.839,apply,4,Applied config change to add node 1 current nodes in channel: [1 2 3 4 5 6 7 8 9 10 11 12 13 14 15 16 17 18 19 20] channel=mychannel 
02:37:23.839,apply,4,Applied config change to add node 2 current nodes in channel: [1 2 3 4 5 6 7 8 9 10 11 12 13 14 15 16 17 18 19 20] channel=mychannel 
02:37:23.839,apply,4,Applied config change to add node 3 current nodes in channel: [1 2 3 4 5 6 7 8 9 10 11 12 13 14 15 16 17 18 19 20] channel=mychannel 
02:37:23.839,apply,4,Applied config change to add node 4 current nodes in channel: [1 2 3 4 5 6 7 8 9 10 11 12 13 14 15 16 17 18 19 20] channel=mychannel 
02:37:23.839,apply,4,Applied config change to add node 5 current nodes in channel: [1 2 3 4 5 6 7 8 9 10 11 12 13 14 15 16 17 18 19 20] channel=mychannel 
02:37:23.839,apply,4,Applied config change to add node 6 current nodes in channel: [1 2 3 4 5 6 7 8 9 10 11 12 13 14 15 16 17 18 19 20] channel=mychannel 
02:37:23.839,apply,4,Applied config change to add node 7 current nodes in channel: [1 2 3 4 5 6 7 8 9 10 11 12 13 14 15 16 17 18 19 20] channel=mychannel 
02:37:23.839,apply,4,Applied config change to add node 8 current nodes in channel: [1 2 3 4 5 6 7 8 9 10 11 12 13 14 15 16 17 18 19 20] channel=mychannel 
02:37:23.839,apply,4,Applied config change to add node 9 current nodes in channel: [1 2 3 4 5 6 7 8 9 10 11 12 13 14 15 16 17 18 19 20] channel=mychannel 
02:37:23.839,apply,4,Applied config change to add node 10 current nodes in channel: [1 2 3 4 5 6 7 8 9 10 11 12 13 14 15 16 17 18 19 20] channel=mychannel 
02:37:23.839,apply,4,Applied config change to add node 11 current nodes in channel: [1 2 3 4 5 6 7 8 9 10 11 12 13 14 15 16 17 18 19 20] channel=mychannel 
02:37:23.839,apply,4,Applied config change to add node 12 current nodes in channel: [1 2 3 4 5 6 7 8 9 10 11 12 13 14 15 16 17 18 19 20] channel=mychannel 
02:37:23.839,apply,4,Applied config change to add node 13 current nodes in channel: [1 2 3 4 5 6 7 8 9 10 11 12 13 14 15 16 17 18 19 20] channel=mychannel 
02:37:23.839,apply,4,Applied config change to add node 14 current nodes in channel: [1 2 3 4 5 6 7 8 9 10 11 12 13 14 15 16 17 18 19 20] channel=mychannel 
02:37:23.839,apply,4,Applied config change to add node 15 current nodes in channel: [1 2 3 4 5 6 7 8 9 10 11 12 13 14 15 16 17 18 19 20] channel=mychannel 
02:37:23.839,apply,4,Applied config change to add node 16 current nodes in channel: [1 2 3 4 5 6 7 8 9 10 11 12 13 14 15 16 17 18 19 20] channel=mychannel 
02:37:23.839,apply,4,Applied config change to add node 17 current nodes in channel: [1 2 3 4 5 6 7 8 9 10 11 12 13 14 15 16 17 18 19 20] channel=mychannel 
02:37:23.839,apply,4,Applied config change to add node 18 current nodes in channel: [1 2 3 4 5 6 7 8 9 10 11 12 13 14 15 16 17 18 19 20] channel=mychannel 
02:37:23.839,apply,4,Applied config change to add node 19 current nodes in channel: [1 2 3 4 5 6 7 8 9 10 11 12 13 14 15 16 17 18 19 20] channel=mychannel 
02:37:23.839,apply,4,Applied config change to add node 20 current nodes in channel: [1 2 3 4 5 6 7 8 9 10 11 12 13 14 15 16 17 18 19 20] channel=mychannel 
02:37:24.865,Step,4,e [logterm: 1 index: 20 vote: 0] cast MsgPreVote for d [logterm: 1 index: 20] at term 1 channel=mychannel 
02:37:24.897,Step,4,e [term: 1] received a MsgVote message with higher term from d [term: 2] channel=mychannel 
02:37:24.897,becomeFollower,4,e became follower at term 2 channel=mychannel 
02:37:24.897,Step,4,e [logterm: 1 index: 20 vote: 0] cast MsgVote for d [logterm: 1 index: 20] at term 2 channel=mychannel 
02:37:24.997,run,4,raft.node: e elected leader d at term 2 channel=mychannel 
02:37:25.052,run,4,Raft leader changed: 0 -> 13 channel=mychannel 
02:38:01.944,writeBlock,4,Writing block [1] (Raft index: 22) to ledger channel=mychannel 
02:38:05.088,writeBlock,4,Writing block [2] (Raft index: 23) to ledger channel=mychannel 
02:39:59.413,writeBlock,4,Writing block [3] (Raft index: 24) to ledger channel=mychannel 
02:41:50.753,writeBlock,4,Writing block [4] (Raft index: 25) to ledger channel=mychannel 
02:41:55.715,writeBlock,4,Writing block [5] (Raft index: 26) to ledger channel=mychannel 
02:42:10.725,writeBlock,4,Writing block [6] (Raft index: 27) to ledger channel=mychannel 
02:50:46.257,writeBlock,4,Writing block [7] (Raft index: 28) to ledger channel=mychannel 
02:51:55.659,writeBlock,4,Writing block [8] (Raft index: 29) to ledger channel=mychannel 
02:53:14.587,writeBlock,4,Writing block [9] (Raft index: 30) to ledger channel=mychannel 
02:54:10.524,writeBlock,4,Writing block [10] (Raft index: 31) to ledger channel=mychannel 
02:55:46.260,writeBlock,4,Writing block [11] (Raft index: 32) to ledger channel=mychannel 
02:56:48.572,writeBlock,4,Writing block [12] (Raft index: 33) to ledger channel=mychannel 
02:57:48.943,writeBlock,4,Writing block [13] (Raft index: 34) to ledger channel=mychannel 
02:58:54.311,writeBlock,4,Writing block [14] (Raft index: 35) to ledger channel=mychannel 
02:59:55.256,writeBlock,4,Writing block [15] (Raft index: 36) to ledger channel=mychannel 
03:00:57.864,writeBlock,4,Writing block [16] (Raft index: 37) to ledger channel=mychannel 
02:36:39.024,HandleChain,s,EvictionSuspicion not set defaulting to 10m0s
02:37:23.408,HandleChain,s,EvictionSuspicion not set defaulting to 10m0s
02:37:23.408,createOrReadWAL,5,No WAL data found creating new WAL at path '/var/hyperledger/production/orderer/etcdraft/wal/mychannel' channel=mychannel 
02:37:23.643,Start,5,Starting Raft node channel=mychannel 
02:37:23.660,start,5,Starting raft node as part of a new channel channel=mychannel 
02:37:23.660,becomeFollower,5,f became follower at term 0 channel=mychannel 
02:37:23.660,newRaft,5,newRaft f [peers: [] term: 0 commit: 0 applied: 0 lastindex: 0 lastterm: 0] channel=mychannel 
02:37:23.660,becomeFollower,5,f became follower at term 1 channel=mychannel 
02:37:23.840,apply,5,Applied config change to add node 1 current nodes in channel: [1 2 3 4 5 6 7 8 9 10 11 12 13 14 15 16 17 18 19 20] channel=mychannel 
02:37:23.840,apply,5,Applied config change to add node 2 current nodes in channel: [1 2 3 4 5 6 7 8 9 10 11 12 13 14 15 16 17 18 19 20] channel=mychannel 
02:37:23.840,apply,5,Applied config change to add node 3 current nodes in channel: [1 2 3 4 5 6 7 8 9 10 11 12 13 14 15 16 17 18 19 20] channel=mychannel 
02:37:23.840,apply,5,Applied config change to add node 4 current nodes in channel: [1 2 3 4 5 6 7 8 9 10 11 12 13 14 15 16 17 18 19 20] channel=mychannel 
02:37:23.840,apply,5,Applied config change to add node 5 current nodes in channel: [1 2 3 4 5 6 7 8 9 10 11 12 13 14 15 16 17 18 19 20] channel=mychannel 
02:37:23.840,apply,5,Applied config change to add node 6 current nodes in channel: [1 2 3 4 5 6 7 8 9 10 11 12 13 14 15 16 17 18 19 20] channel=mychannel 
02:37:23.840,apply,5,Applied config change to add node 7 current nodes in channel: [1 2 3 4 5 6 7 8 9 10 11 12 13 14 15 16 17 18 19 20] channel=mychannel 
02:37:23.840,apply,5,Applied config change to add node 8 current nodes in channel: [1 2 3 4 5 6 7 8 9 10 11 12 13 14 15 16 17 18 19 20] channel=mychannel 
02:37:23.840,apply,5,Applied config change to add node 9 current nodes in channel: [1 2 3 4 5 6 7 8 9 10 11 12 13 14 15 16 17 18 19 20] channel=mychannel 
02:37:23.840,apply,5,Applied config change to add node 10 current nodes in channel: [1 2 3 4 5 6 7 8 9 10 11 12 13 14 15 16 17 18 19 20] channel=mychannel 
02:37:23.840,apply,5,Applied config change to add node 11 current nodes in channel: [1 2 3 4 5 6 7 8 9 10 11 12 13 14 15 16 17 18 19 20] channel=mychannel 
02:37:23.840,apply,5,Applied config change to add node 12 current nodes in channel: [1 2 3 4 5 6 7 8 9 10 11 12 13 14 15 16 17 18 19 20] channel=mychannel 
02:37:23.840,apply,5,Applied config change to add node 13 current nodes in channel: [1 2 3 4 5 6 7 8 9 10 11 12 13 14 15 16 17 18 19 20] channel=mychannel 
02:37:23.840,apply,5,Applied config change to add node 14 current nodes in channel: [1 2 3 4 5 6 7 8 9 10 11 12 13 14 15 16 17 18 19 20] channel=mychannel 
02:37:23.840,apply,5,Applied config change to add node 15 current nodes in channel: [1 2 3 4 5 6 7 8 9 10 11 12 13 14 15 16 17 18 19 20] channel=mychannel 
02:37:23.840,apply,5,Applied config change to add node 16 current nodes in channel: [1 2 3 4 5 6 7 8 9 10 11 12 13 14 15 16 17 18 19 20] channel=mychannel 
02:37:23.840,apply,5,Applied config change to add node 17 current nodes in channel: [1 2 3 4 5 6 7 8 9 10 11 12 13 14 15 16 17 18 19 20] channel=mychannel 
02:37:23.840,apply,5,Applied config change to add node 18 current nodes in channel: [1 2 3 4 5 6 7 8 9 10 11 12 13 14 15 16 17 18 19 20] channel=mychannel 
02:37:23.840,apply,5,Applied config change to add node 19 current nodes in channel: [1 2 3 4 5 6 7 8 9 10 11 12 13 14 15 16 17 18 19 20] channel=mychannel 
02:37:23.840,apply,5,Applied config change to add node 20 current nodes in channel: [1 2 3 4 5 6 7 8 9 10 11 12 13 14 15 16 17 18 19 20] channel=mychannel 
02:37:24.867,Step,5,f [logterm: 1 index: 20 vote: 0] cast MsgPreVote for d [logterm: 1 index: 20] at term 1 channel=mychannel 
02:37:24.897,Step,5,f [term: 1] received a MsgVote message with higher term from d [term: 2] channel=mychannel 
02:37:24.897,becomeFollower,5,f became follower at term 2 channel=mychannel 
02:37:24.897,Step,5,f [logterm: 1 index: 20 vote: 0] cast MsgVote for d [logterm: 1 index: 20] at term 2 channel=mychannel 
02:37:24.998,run,5,raft.node: f elected leader d at term 2 channel=mychannel 
02:37:25.086,run,5,Raft leader changed: 0 -> 13 channel=mychannel 
02:38:01.940,writeBlock,5,Writing block [1] (Raft index: 22) to ledger channel=mychannel 
02:38:05.101,writeBlock,5,Writing block [2] (Raft index: 23) to ledger channel=mychannel 
02:39:59.411,writeBlock,5,Writing block [3] (Raft index: 24) to ledger channel=mychannel 
02:41:50.756,writeBlock,5,Writing block [4] (Raft index: 25) to ledger channel=mychannel 
02:41:55.716,writeBlock,5,Writing block [5] (Raft index: 26) to ledger channel=mychannel 
02:42:10.677,writeBlock,5,Writing block [6] (Raft index: 27) to ledger channel=mychannel 
02:50:46.257,writeBlock,5,Writing block [7] (Raft index: 28) to ledger channel=mychannel 
02:51:55.690,writeBlock,5,Writing block [8] (Raft index: 29) to ledger channel=mychannel 
02:53:14.583,writeBlock,5,Writing block [9] (Raft index: 30) to ledger channel=mychannel 
02:54:10.523,writeBlock,5,Writing block [10] (Raft index: 31) to ledger channel=mychannel 
02:55:46.259,writeBlock,5,Writing block [11] (Raft index: 32) to ledger channel=mychannel 
02:56:48.573,writeBlock,5,Writing block [12] (Raft index: 33) to ledger channel=mychannel 
02:57:48.942,writeBlock,5,Writing block [13] (Raft index: 34) to ledger channel=mychannel 
02:58:54.311,writeBlock,5,Writing block [14] (Raft index: 35) to ledger channel=mychannel 
02:59:55.253,writeBlock,5,Writing block [15] (Raft index: 36) to ledger channel=mychannel 
03:00:57.868,writeBlock,5,Writing block [16] (Raft index: 37) to ledger channel=mychannel 
02:36:35.935,HandleChain,s,EvictionSuspicion not set defaulting to 10m0s
02:37:23.408,HandleChain,s,EvictionSuspicion not set defaulting to 10m0s
02:37:23.408,createOrReadWAL,6,No WAL data found creating new WAL at path '/var/hyperledger/production/orderer/etcdraft/wal/mychannel' channel=mychannel 
02:37:23.717,Start,6,Starting Raft node channel=mychannel 
02:37:23.724,start,6,Starting raft node as part of a new channel channel=mychannel 
02:37:23.724,becomeFollower,6,10 became follower at term 0 channel=mychannel 
02:37:23.724,newRaft,6,newRaft 10 [peers: [] term: 0 commit: 0 applied: 0 lastindex: 0 lastterm: 0] channel=mychannel 
02:37:23.724,becomeFollower,6,10 became follower at term 1 channel=mychannel 
02:37:24.052,apply,6,Applied config change to add node 1 current nodes in channel: [1 2 3 4 5 6 7 8 9 10 11 12 13 14 15 16 17 18 19 20] channel=mychannel 
02:37:24.052,apply,6,Applied config change to add node 2 current nodes in channel: [1 2 3 4 5 6 7 8 9 10 11 12 13 14 15 16 17 18 19 20] channel=mychannel 
02:37:24.052,apply,6,Applied config change to add node 3 current nodes in channel: [1 2 3 4 5 6 7 8 9 10 11 12 13 14 15 16 17 18 19 20] channel=mychannel 
02:37:24.052,apply,6,Applied config change to add node 4 current nodes in channel: [1 2 3 4 5 6 7 8 9 10 11 12 13 14 15 16 17 18 19 20] channel=mychannel 
02:37:24.053,apply,6,Applied config change to add node 5 current nodes in channel: [1 2 3 4 5 6 7 8 9 10 11 12 13 14 15 16 17 18 19 20] channel=mychannel 
02:37:24.053,apply,6,Applied config change to add node 6 current nodes in channel: [1 2 3 4 5 6 7 8 9 10 11 12 13 14 15 16 17 18 19 20] channel=mychannel 
02:37:24.053,apply,6,Applied config change to add node 7 current nodes in channel: [1 2 3 4 5 6 7 8 9 10 11 12 13 14 15 16 17 18 19 20] channel=mychannel 
02:37:24.053,apply,6,Applied config change to add node 8 current nodes in channel: [1 2 3 4 5 6 7 8 9 10 11 12 13 14 15 16 17 18 19 20] channel=mychannel 
02:37:24.053,apply,6,Applied config change to add node 9 current nodes in channel: [1 2 3 4 5 6 7 8 9 10 11 12 13 14 15 16 17 18 19 20] channel=mychannel 
02:37:24.053,apply,6,Applied config change to add node 10 current nodes in channel: [1 2 3 4 5 6 7 8 9 10 11 12 13 14 15 16 17 18 19 20] channel=mychannel 
02:37:24.053,apply,6,Applied config change to add node 11 current nodes in channel: [1 2 3 4 5 6 7 8 9 10 11 12 13 14 15 16 17 18 19 20] channel=mychannel 
02:37:24.053,apply,6,Applied config change to add node 12 current nodes in channel: [1 2 3 4 5 6 7 8 9 10 11 12 13 14 15 16 17 18 19 20] channel=mychannel 
02:37:24.053,apply,6,Applied config change to add node 13 current nodes in channel: [1 2 3 4 5 6 7 8 9 10 11 12 13 14 15 16 17 18 19 20] channel=mychannel 
02:37:24.053,apply,6,Applied config change to add node 14 current nodes in channel: [1 2 3 4 5 6 7 8 9 10 11 12 13 14 15 16 17 18 19 20] channel=mychannel 
02:37:24.053,apply,6,Applied config change to add node 15 current nodes in channel: [1 2 3 4 5 6 7 8 9 10 11 12 13 14 15 16 17 18 19 20] channel=mychannel 
02:37:24.053,apply,6,Applied config change to add node 16 current nodes in channel: [1 2 3 4 5 6 7 8 9 10 11 12 13 14 15 16 17 18 19 20] channel=mychannel 
02:37:24.053,apply,6,Applied config change to add node 17 current nodes in channel: [1 2 3 4 5 6 7 8 9 10 11 12 13 14 15 16 17 18 19 20] channel=mychannel 
02:37:24.053,apply,6,Applied config change to add node 18 current nodes in channel: [1 2 3 4 5 6 7 8 9 10 11 12 13 14 15 16 17 18 19 20] channel=mychannel 
02:37:24.053,apply,6,Applied config change to add node 19 current nodes in channel: [1 2 3 4 5 6 7 8 9 10 11 12 13 14 15 16 17 18 19 20] channel=mychannel 
02:37:24.053,apply,6,Applied config change to add node 20 current nodes in channel: [1 2 3 4 5 6 7 8 9 10 11 12 13 14 15 16 17 18 19 20] channel=mychannel 
02:37:24.865,Step,6,10 [logterm: 1 index: 20 vote: 0] cast MsgPreVote for d [logterm: 1 index: 20] at term 1 channel=mychannel 
02:37:24.898,Step,6,10 [term: 1] received a MsgVote message with higher term from d [term: 2] channel=mychannel 
02:37:24.898,becomeFollower,6,10 became follower at term 2 channel=mychannel 
02:37:24.898,Step,6,10 [logterm: 1 index: 20 vote: 0] cast MsgVote for d [logterm: 1 index: 20] at term 2 channel=mychannel 
02:37:24.997,run,6,raft.node: 10 elected leader d at term 2 channel=mychannel 
02:37:25.086,run,6,Raft leader changed: 0 -> 13 channel=mychannel 
02:38:01.948,writeBlock,6,Writing block [1] (Raft index: 22) to ledger channel=mychannel 
02:38:05.119,writeBlock,6,Writing block [2] (Raft index: 23) to ledger channel=mychannel 
02:39:59.411,writeBlock,6,Writing block [3] (Raft index: 24) to ledger channel=mychannel 
02:41:50.752,writeBlock,6,Writing block [4] (Raft index: 25) to ledger channel=mychannel 
02:41:55.717,writeBlock,6,Writing block [5] (Raft index: 26) to ledger channel=mychannel 
02:42:10.724,writeBlock,6,Writing block [6] (Raft index: 27) to ledger channel=mychannel 
02:50:46.258,writeBlock,6,Writing block [7] (Raft index: 28) to ledger channel=mychannel 
02:51:55.660,writeBlock,6,Writing block [8] (Raft index: 29) to ledger channel=mychannel 
02:53:14.631,writeBlock,6,Writing block [9] (Raft index: 30) to ledger channel=mychannel 
02:54:10.523,writeBlock,6,Writing block [10] (Raft index: 31) to ledger channel=mychannel 
02:55:46.261,writeBlock,6,Writing block [11] (Raft index: 32) to ledger channel=mychannel 
02:56:48.608,writeBlock,6,Writing block [12] (Raft index: 33) to ledger channel=mychannel 
02:57:48.945,writeBlock,6,Writing block [13] (Raft index: 34) to ledger channel=mychannel 
02:58:54.311,writeBlock,6,Writing block [14] (Raft index: 35) to ledger channel=mychannel 
02:59:55.254,writeBlock,6,Writing block [15] (Raft index: 36) to ledger channel=mychannel 
03:00:57.862,writeBlock,6,Writing block [16] (Raft index: 37) to ledger channel=mychannel 
02:36:44.570,HandleChain,s,EvictionSuspicion not set defaulting to 10m0s
02:37:23.406,HandleChain,s,EvictionSuspicion not set defaulting to 10m0s
02:37:23.407,createOrReadWAL,7,No WAL data found creating new WAL at path '/var/hyperledger/production/orderer/etcdraft/wal/mychannel' channel=mychannel 
02:37:23.864,Start,7,Starting Raft node channel=mychannel 
02:37:23.874,start,7,Starting raft node as part of a new channel channel=mychannel 
02:37:23.874,becomeFollower,7,11 became follower at term 0 channel=mychannel 
02:37:23.874,newRaft,7,newRaft 11 [peers: [] term: 0 commit: 0 applied: 0 lastindex: 0 lastterm: 0] channel=mychannel 
02:37:23.874,becomeFollower,7,11 became follower at term 1 channel=mychannel 
02:37:24.053,apply,7,Applied config change to add node 1 current nodes in channel: [1 2 3 4 5 6 7 8 9 10 11 12 13 14 15 16 17 18 19 20] channel=mychannel 
02:37:24.053,apply,7,Applied config change to add node 2 current nodes in channel: [1 2 3 4 5 6 7 8 9 10 11 12 13 14 15 16 17 18 19 20] channel=mychannel 
02:37:24.054,apply,7,Applied config change to add node 3 current nodes in channel: [1 2 3 4 5 6 7 8 9 10 11 12 13 14 15 16 17 18 19 20] channel=mychannel 
02:37:24.054,apply,7,Applied config change to add node 4 current nodes in channel: [1 2 3 4 5 6 7 8 9 10 11 12 13 14 15 16 17 18 19 20] channel=mychannel 
02:37:24.054,apply,7,Applied config change to add node 5 current nodes in channel: [1 2 3 4 5 6 7 8 9 10 11 12 13 14 15 16 17 18 19 20] channel=mychannel 
02:37:24.054,apply,7,Applied config change to add node 6 current nodes in channel: [1 2 3 4 5 6 7 8 9 10 11 12 13 14 15 16 17 18 19 20] channel=mychannel 
02:37:24.054,apply,7,Applied config change to add node 7 current nodes in channel: [1 2 3 4 5 6 7 8 9 10 11 12 13 14 15 16 17 18 19 20] channel=mychannel 
02:37:24.054,apply,7,Applied config change to add node 8 current nodes in channel: [1 2 3 4 5 6 7 8 9 10 11 12 13 14 15 16 17 18 19 20] channel=mychannel 
02:37:24.054,apply,7,Applied config change to add node 9 current nodes in channel: [1 2 3 4 5 6 7 8 9 10 11 12 13 14 15 16 17 18 19 20] channel=mychannel 
02:37:24.054,apply,7,Applied config change to add node 10 current nodes in channel: [1 2 3 4 5 6 7 8 9 10 11 12 13 14 15 16 17 18 19 20] channel=mychannel 
02:37:24.054,apply,7,Applied config change to add node 11 current nodes in channel: [1 2 3 4 5 6 7 8 9 10 11 12 13 14 15 16 17 18 19 20] channel=mychannel 
02:37:24.054,apply,7,Applied config change to add node 12 current nodes in channel: [1 2 3 4 5 6 7 8 9 10 11 12 13 14 15 16 17 18 19 20] channel=mychannel 
02:37:24.054,apply,7,Applied config change to add node 13 current nodes in channel: [1 2 3 4 5 6 7 8 9 10 11 12 13 14 15 16 17 18 19 20] channel=mychannel 
02:37:24.054,apply,7,Applied config change to add node 14 current nodes in channel: [1 2 3 4 5 6 7 8 9 10 11 12 13 14 15 16 17 18 19 20] channel=mychannel 
02:37:24.054,apply,7,Applied config change to add node 15 current nodes in channel: [1 2 3 4 5 6 7 8 9 10 11 12 13 14 15 16 17 18 19 20] channel=mychannel 
02:37:24.054,apply,7,Applied config change to add node 16 current nodes in channel: [1 2 3 4 5 6 7 8 9 10 11 12 13 14 15 16 17 18 19 20] channel=mychannel 
02:37:24.054,apply,7,Applied config change to add node 17 current nodes in channel: [1 2 3 4 5 6 7 8 9 10 11 12 13 14 15 16 17 18 19 20] channel=mychannel 
02:37:24.054,apply,7,Applied config change to add node 18 current nodes in channel: [1 2 3 4 5 6 7 8 9 10 11 12 13 14 15 16 17 18 19 20] channel=mychannel 
02:37:24.054,apply,7,Applied config change to add node 19 current nodes in channel: [1 2 3 4 5 6 7 8 9 10 11 12 13 14 15 16 17 18 19 20] channel=mychannel 
02:37:24.054,apply,7,Applied config change to add node 20 current nodes in channel: [1 2 3 4 5 6 7 8 9 10 11 12 13 14 15 16 17 18 19 20] channel=mychannel 
02:37:24.867,Step,7,11 [logterm: 1 index: 20 vote: 0] cast MsgPreVote for d [logterm: 1 index: 20] at term 1 channel=mychannel 
02:37:24.898,Step,7,11 [term: 1] received a MsgVote message with higher term from d [term: 2] channel=mychannel 
02:37:24.898,becomeFollower,7,11 became follower at term 2 channel=mychannel 
02:37:24.898,Step,7,11 [logterm: 1 index: 20 vote: 0] cast MsgVote for d [logterm: 1 index: 20] at term 2 channel=mychannel 
02:37:24.998,run,7,raft.node: 11 elected leader d at term 2 channel=mychannel 
02:37:25.087,run,7,Raft leader changed: 0 -> 13 channel=mychannel 
02:38:01.940,writeBlock,7,Writing block [1] (Raft index: 22) to ledger channel=mychannel 
02:38:05.104,writeBlock,7,Writing block [2] (Raft index: 23) to ledger channel=mychannel 
02:39:59.413,writeBlock,7,Writing block [3] (Raft index: 24) to ledger channel=mychannel 
02:41:50.752,writeBlock,7,Writing block [4] (Raft index: 25) to ledger channel=mychannel 
02:41:55.716,writeBlock,7,Writing block [5] (Raft index: 26) to ledger channel=mychannel 
02:42:10.678,writeBlock,7,Writing block [6] (Raft index: 27) to ledger channel=mychannel 
02:50:46.257,writeBlock,7,Writing block [7] (Raft index: 28) to ledger channel=mychannel 
02:51:55.659,writeBlock,7,Writing block [8] (Raft index: 29) to ledger channel=mychannel 
02:53:14.584,writeBlock,7,Writing block [9] (Raft index: 30) to ledger channel=mychannel 
02:54:10.524,writeBlock,7,Writing block [10] (Raft index: 31) to ledger channel=mychannel 
02:55:46.308,writeBlock,7,Writing block [11] (Raft index: 32) to ledger channel=mychannel 
02:56:48.571,writeBlock,7,Writing block [12] (Raft index: 33) to ledger channel=mychannel 
02:57:48.943,writeBlock,7,Writing block [13] (Raft index: 34) to ledger channel=mychannel 
02:58:54.418,writeBlock,7,Writing block [14] (Raft index: 35) to ledger channel=mychannel 
02:59:55.253,writeBlock,7,Writing block [15] (Raft index: 36) to ledger channel=mychannel 
03:00:57.862,writeBlock,7,Writing block [16] (Raft index: 37) to ledger channel=mychannel 
02:36:34.624,HandleChain,s,EvictionSuspicion not set defaulting to 10m0s
